Parameter Combination	Targets
upstream_2500_score_900	2310030g06rik, 2810459m11rik, abca1, abcc5, abhd18, acly, acta1, actg1, actn2, adam33, adamts9, adgrg3, adnp, ado, akr1c19, aldh1a1, aldh1l1, alox12, amer1, amph, ankrd1, ano1, aoc1, aoc3, apoa1, apoa2, apob, apoe, apom, arhgap20, astn2, atcay, atf3, atp1a3, axin2, b4galt6, bgn, bhmt, bin2, blk, cacna1s, cadm3, calm4, car3, car4, car7, cbfa2t3, cbln1, ccdc63, ccn1, ccn2, cdc20, celsr1, ciart, clic6, col3a1, col5a1, col6a3, coro1a, cpn1, crb2, crct1, creb3l1, crebrf, ctcfl, cubn, cyp26b1, cyp27a1, cyp51, dchs2, ddt, dhcr24, dhcr7, dop1b, dusp8, edn1, efnb1, elf4, elovl5, elovl6, emcn, eml5, eno2, epha2, ephb1, ephb2, epn3, erv3, etv4, fabp4, fads2, fam20c, fam222a, fasn, fbxo32, fdft1, fdx1, fgfr2, fgfr4, fkbp14, flrt3, fosl2, foxa2, foxa3, frat1, frat2, fsd1l, fst, fyb2, fzd7, gadd45b, galnt10, gata6, gfpt1, gipr, gnas, gramd1b, grip2, gstm1, gstt1, gulo, h1f0, h1f10, h2-q6, hbb-bs, hcn1, hcn4, hhex, hic1, hipk2, hkdc1, hmgcs1, hnf1a, hnf1b, hnf4a, hnrnpa0, hoxb4, hoxb5, hoxd1, hspb8, ier3, igf2, il1r1, il1r2, insig1, irf2bp1, isg20, itga1, itih5, jun, kcnd3, kcng1, kcnj2, kcnj6, kctd9, klb, krt19, lacc1, lama1, lamc1, ldlr, lgals1, lhx3, lims2, lipo3, lmcd1, lpl, lratd1, lrrc3, lrrfip1, lyz2, mab21l2, maff, maob, map1a, map1b, maz, mbnl2, mdk, medag, mllt11, mlph, mttp, mvb12b, mvk, mycbpap, myh11, myh7b, nacc2, nectin1, nell1, nfkbiz, nkd1, nlrc3, nmrk2, noct, npas4, nppb, nptx2, nr2f1, nr2f2, nr2f6, nr4a1, nr5a2, nrg1, nsdhl, onecut2, onecut3, paqr9, pcgf5, pcsk9, pcyox1, pde9a, pdgfb, pdp2, pf4, pfkfb2, pip4k2b, plcd3, plk1, ppp1r3c, ppp2r2c, ppp4r4, prkag3, prl8a2, prr12, prr9, prrt4, psca, psd, ptprb, rasl11b, rbfox2, reln, retreg1, rgcc, rgs16, rims2, rnf207, robo1, robo2, rora, rrs1, rsad2, rxfp1, ryr2, s100a1, samd5, sat1, scd2, sct, sec14l4, serpinb6b, serpinb9c, setd1b, sfrp1, sfrp4, sfrp5, shisa2, slc35a3, slit3, slitrk4, smad6, snai3, sox4, spats2l, spp1, sprr2h, sqle, srebf2, sspn, stac2, stat6, stc1, stmn4, svep1, synpo, sytl4, tagln2, tbx2, tbx3, tdrd7, tecrl, tenm4, tfpi, timp3, tm4sf1, tm7sf2, tmem158, tmem71, tmsb4x, tnc, tnfrsf12a, tnfrsf9, ttl, ttyh3, ulbp1, usp13, vegfa, vtn, vwf, wdr54, wnt2, wnt4, wsb1, xdh, zbtb12, zfp280b, zfp983
upstream_2500_score_950	2810459m11rik, abca1, abcc5, abhd18, acly, acta1, actg1, actn2, adam33, adamts9, adgrg3, adnp, akr1c19, aldh1a1, aldh1l1, alox12, amer1, ankrd1, ano1, aoc1, apob, apoe, apom, arhgap20, astn2, atcay, atf3, atp1a3, axin2, b4galt6, bgn, bhmt, bin2, blk, cacna1s, cadm3, calm4, car3, car7, cbfa2t3, cbln1, ccdc63, ccn1, ccn2, cdc20, celsr1, ciart, clic6, col3a1, col5a1, col6a3, cpn1, creb3l1, crebrf, ctcfl, cubn, cyp27a1, ddt, dhcr24, dhcr7, dop1b, dusp8, edn1, efnb1, elovl5, elovl6, eml5, eno2, ephb1, ephb2, epn3, erv3, etv4, fabp4, fads2, fam20c, fam222a, fasn, fbxo32, fdft1, fdx1, fgfr2, fgfr4, fosl2, frat1, frat2, fsd1l, fzd7, gadd45b, galnt10, gata6, gfpt1, gipr, gnas, gramd1b, grip2, gulo, h1f0, hbb-bs, hcn1, hcn4, hipk2, hmgcs1, hnf1a, hnf1b, hnf4a, hoxb4, ier3, igf2, il1r1, il1r2, insig1, isg20, itga1, kcnd3, kcng1, kcnj2, kcnj6, kctd9, lacc1, lama1, lamc1, ldlr, lgals1, lims2, lipo3, lmcd1, lpl, lratd1, lrrc3, lrrfip1, mab21l2, maff, maob, map1a, map1b, maz, mbnl2, mdk, mllt11, mttp, mvb12b, mvk, mycbpap, myh11, nacc2, nectin1, nell1, nfkbiz, nkd1, nlrc3, nmrk2, noct, npas4, nptx2, nr2f1, nr2f2, nr2f6, nr4a1, nr5a2, nrg1, nsdhl, onecut2, onecut3, paqr9, pcgf5, pcsk9, pcyox1, pde9a, pdp2, pf4, pfkfb2, pip4k2b, plk1, ppp2r2c, ppp4r4, prkag3, prl8a2, prr12, prrt4, psca, psd, ptprb, rasl11b, rbfox2, reln, retreg1, rgcc, rims2, rnf207, robo1, robo2, rora, rrs1, rsad2, ryr2, s100a1, sat1, scd2, sec14l4, serpinb6b, setd1b, sfrp1, sfrp5, slit3, smad6, spats2l, spp1, sprr2h, sqle, srebf2, sspn, stac2, stat6, stc1, stmn4, svep1, synpo, sytl4, tagln2, tbx3, tdrd7, tecrl, tenm4, tfpi, timp3, tm4sf1, tm7sf2, tmem71, tmsb4x, tnc, tnfrsf12a, tnfrsf9, ttl, ttyh3, ulbp1, usp13, vegfa, vtn, vwf, wdr54, wnt4, wsb1, xdh, zbtb12
upstream_2500_score_990	abca1, actn2, adam33, adamts9, aldh1a1, aldh1l1, ankrd1, atp1a3, axin2, b4galt6, car3, car7, celsr1, clic6, dhcr24, dusp8, edn1, elovl5, elovl6, ephb1, epn3, fabp4, fam20c, fasn, fdft1, fgfr2, gnas, gramd1b, grip2, hipk2, hnf1b, isg20, kcnd3, kcnj6, map1a, mbnl2, mllt11, mttp, mvb12b, npas4, nrg1, nsdhl, pcgf5, pdp2, psd, retreg1, rims2, robo1, rora, rsad2, ryr2, sfrp1, smad6, sprr2h, sspn, stc1, synpo, tenm4, timp3, tmsb4x, ttl, ulbp1
upstream_5000_score_900	2310030g06rik, 2810459m11rik, abca1, abcc5, abhd18, acly, acta1, actg1, actn2, adam33, adamts9, adgrg3, adnp, ado, akr1c19, aldh1a1, aldh1l1, alox12, amer1, amph, ankrd1, ano1, aoc1, aoc3, apoa1, apoa2, apob, apoe, apom, arhgap20, astn2, atcay, atf3, atp1a3, axin2, b4galt6, bgn, bhmt, bin2, blk, cacna1s, cadm3, calm4, car3, car4, car7, cbfa2t3, cbln1, ccdc63, ccn1, ccn2, cdc20, celsr1, ciart, clic6, col3a1, col5a1, col6a3, coro1a, cpn1, crb2, crct1, creb3l1, crebrf, ctcfl, cubn, cyp26b1, cyp27a1, cyp51, dchs2, ddt, dhcr24, dhcr7, dop1b, dusp8, edn1, efnb1, elf4, elovl5, elovl6, emcn, eml5, eno2, epha2, ephb1, ephb2, epn3, erv3, etv4, fabp4, fads2, fam20c, fam222a, fasn, fbxo32, fdft1, fdx1, fgfr2, fgfr4, fkbp14, flrt3, fosl2, foxa2, foxa3, frat1, frat2, fsd1l, fst, fyb2, fzd7, gadd45b, gal, galnt10, gata6, gfpt1, gipr, gnas, gramd1b, grip2, gstm1, gstt1, gulo, h1f0, h1f10, h2-q6, hbb-bs, hcn1, hcn4, hhex, hic1, hipk2, hkdc1, hmgcs1, hnf1a, hnf1b, hnf4a, hnrnpa0, hoxb4, hoxb5, hoxd1, hspb8, ier3, igf2, il1r1, il1r2, insig1, irf2bp1, isg20, itga1, itih5, jun, kcnd3, kcng1, kcnj2, kcnj6, kctd9, kif12, klb, krt19, lacc1, lama1, lamc1, ldlr, lgals1, lhx3, lims2, lipo3, lmcd1, lpl, lratd1, lrrc3, lrrfip1, lyz2, mab21l2, maff, maob, map1a, map1b, maz, mbnl2, mdk, medag, mllt11, mlph, mttp, mvb12b, mvk, mycbpap, myh11, myh7b, nacc2, nectin1, nell1, nfkbiz, nkd1, nlrc3, nmrk2, noct, npas4, nppb, nptx2, nr2f1, nr2f2, nr2f6, nr4a1, nr5a2, nrg1, nsdhl, onecut2, onecut3, paqr9, pcgf5, pcsk9, pcyox1, pde9a, pdgfb, pdp2, pf4, pfkfb2, pip4k2b, plcd3, plk1, ppp1r3c, ppp2r2c, ppp4r4, prkag3, prl8a2, prr12, prr9, prrt4, psca, psd, ptprb, rasl11b, rbfox2, reln, retreg1, rgcc, rgs16, rims2, rnf207, robo1, robo2, rora, rrs1, rsad2, rxfp1, ryr2, s100a1, samd5, sat1, scd2, sct, sec14l4, serpinb6b, serpinb9c, setd1b, sfrp1, sfrp4, sfrp5, shisa2, slc35a3, slit3, slitrk4, smad6, snai3, sox4, spats2l, spp1, sprr2h, sqle, srebf2, sspn, stac2, stat6, stc1, stmn4, svep1, synpo, sytl4, tagln2, tbx2, tbx3, tdrd7, tecrl, tenm4, tfpi, timp3, tm4sf1, tm7sf2, tmem158, tmem71, tmsb4x, tnc, tnfrsf12a, tnfrsf9, ttl, ttyh3, tuft1, ulbp1, usp13, vegfa, vtn, vwf, wdr54, wnt2, wnt4, wsb1, xdh, zbtb12, zfp280b, zfp983
upstream_5000_score_950	2810459m11rik, abca1, abcc5, abhd18, acly, acta1, actg1, actn2, adam33, adamts9, adgrg3, adnp, akr1c19, aldh1a1, aldh1l1, alox12, amer1, amph, ankrd1, ano1, aoc1, aoc3, apob, apoe, apom, arhgap20, astn2, atcay, atf3, atp1a3, axin2, b4galt6, bgn, bhmt, bin2, blk, cacna1s, cadm3, calm4, car3, car4, car7, cbfa2t3, cbln1, ccdc63, ccn1, ccn2, cdc20, celsr1, ciart, clic6, col3a1, col5a1, col6a3, coro1a, cpn1, creb3l1, crebrf, ctcfl, cubn, cyp26b1, cyp27a1, ddt, dhcr24, dhcr7, dop1b, dusp8, edn1, efnb1, elf4, elovl5, elovl6, eml5, eno2, epha2, ephb1, ephb2, epn3, erv3, etv4, fabp4, fads2, fam20c, fam222a, fasn, fbxo32, fdft1, fdx1, fgfr2, fgfr4, fkbp14, flrt3, fosl2, foxa2, foxa3, frat1, frat2, fsd1l, fyb2, fzd7, gadd45b, gal, galnt10, gata6, gfpt1, gipr, gnas, gramd1b, grip2, gstm1, gstt1, gulo, h1f0, h1f10, h2-q6, hbb-bs, hcn1, hcn4, hipk2, hkdc1, hmgcs1, hnf1a, hnf1b, hnf4a, hoxb4, hoxd1, ier3, igf2, il1r1, il1r2, insig1, isg20, itga1, itih5, kcnd3, kcng1, kcnj2, kcnj6, kctd9, krt19, lacc1, lama1, lamc1, ldlr, lgals1, lhx3, lims2, lipo3, lmcd1, lpl, lratd1, lrrc3, lrrfip1, mab21l2, maff, maob, map1a, map1b, maz, mbnl2, mdk, mllt11, mlph, mttp, mvb12b, mvk, mycbpap, myh11, myh7b, nacc2, nectin1, nell1, nfkbiz, nkd1, nlrc3, nmrk2, noct, npas4, nppb, nptx2, nr2f1, nr2f2, nr2f6, nr4a1, nr5a2, nrg1, nsdhl, onecut2, onecut3, paqr9, pcgf5, pcsk9, pcyox1, pde9a, pdgfb, pdp2, pf4, pfkfb2, pip4k2b, plk1, ppp1r3c, ppp2r2c, ppp4r4, prkag3, prl8a2, prr12, prr9, prrt4, psca, psd, ptprb, rasl11b, rbfox2, reln, retreg1, rgcc, rgs16, rims2, rnf207, robo1, robo2, rora, rrs1, rsad2, rxfp1, ryr2, s100a1, samd5, sat1, scd2, sec14l4, serpinb6b, setd1b, sfrp1, sfrp4, sfrp5, slit3, smad6, snai3, spats2l, spp1, sprr2h, sqle, srebf2, sspn, stac2, stat6, stc1, stmn4, svep1, synpo, sytl4, tagln2, tbx2, tbx3, tdrd7, tecrl, tenm4, tfpi, timp3, tm4sf1, tm7sf2, tmem71, tmsb4x, tnc, tnfrsf12a, tnfrsf9, ttl, ttyh3, tuft1, ulbp1, usp13, vegfa, vtn, vwf, wdr54, wnt2, wnt4, wsb1, xdh, zbtb12, zfp983
upstream_5000_score_990	abca1, actn2, adam33, adamts9, akr1c19, aldh1a1, aldh1l1, amph, ankrd1, atp1a3, axin2, b4galt6, car3, car7, celsr1, clic6, creb3l1, cyp26b1, dhcr24, dhcr7, dusp8, edn1, elovl5, elovl6, ephb1, ephb2, epn3, fabp4, fads2, fam20c, fasn, fdft1, fgfr2, gnas, gramd1b, grip2, gstt1, hipk2, hmgcs1, hnf1b, il1r2, isg20, kcnd3, kcnj6, kctd9, lpl, map1a, mbnl2, mllt11, mttp, mvb12b, myh11, npas4, nrg1, nsdhl, onecut2, pcgf5, pdp2, pip4k2b, psd, retreg1, rims2, rnf207, robo1, rora, rsad2, ryr2, samd5, sfrp1, smad6, sprr2h, sspn, stc1, synpo, tenm4, timp3, tmem71, tmsb4x, ttl, ulbp1, xdh
upstream_750_score_900	2310030g06rik, 2810459m11rik, abca1, abcc5, abhd18, acly, acta1, actg1, actn2, adam33, adamts9, adgrg3, adnp, ado, akr1c19, aldh1a1, aldh1l1, amph, ankrd1, ano1, aoc1, aoc3, apoa1, apoa2, apob, apoe, apom, arhgap20, astn2, atcay, atf3, atp1a3, axin2, b4galt6, bgn, bhmt, bin2, blk, cadm3, calm4, car3, car7, cbfa2t3, cbln1, ccdc63, ccn1, ccn2, cdc20, celsr1, clic6, col3a1, col5a1, col6a3, coro1a, cpn1, crb2, creb3l1, crebrf, ctcfl, cubn, cyp26b1, cyp27a1, cyp51, dchs2, ddt, dhcr24, dhcr7, dop1b, dusp8, edn1, efnb1, elf4, elovl5, elovl6, emcn, eml5, eno2, ephb1, ephb2, epn3, erv3, etv4, fabp4, fads2, fam20c, fam222a, fasn, fbxo32, fdft1, fdx1, fgfr2, fgfr4, fkbp14, flrt3, fosl2, foxa2, frat1, frat2, fsd1l, fyb2, fzd7, gadd45b, galnt10, gata6, gfpt1, gipr, gnas, gramd1b, grip2, gstm1, gstt1, gulo, h1f0, h2-q6, hbb-bs, hcn1, hcn4, hhex, hipk2, hkdc1, hmgcs1, hnf1a, hnf1b, hnf4a, hnrnpa0, hoxb4, hoxb5, hspb8, igf2, il1r1, il1r2, insig1, irf2bp1, isg20, itga1, itih5, jun, kcnd3, kcnj2, kcnj6, kctd9, krt19, lacc1, lama1, lamc1, ldlr, lgals1, lims2, lipo3, lmcd1, lpl, lratd1, lrrc3, lrrfip1, lyz2, mab21l2, maff, maob, map1a, map1b, maz, mbnl2, mdk, medag, mllt11, mlph, mttp, mvb12b, mvk, mycbpap, myh11, myh7b, nacc2, nectin1, nell1, nfkbiz, nkd1, nlrc3, nmrk2, noct, npas4, nptx2, nr2f1, nr2f2, nr2f6, nr4a1, nr5a2, nrg1, nsdhl, onecut2, paqr9, pcgf5, pcyox1, pde9a, pdp2, pf4, pfkfb2, pip4k2b, plcd3, ppp1r3c, ppp2r2c, ppp4r4, prkag3, prl8a2, prr12, prrt4, psca, psd, ptprb, rasl11b, rbfox2, reln, retreg1, rgcc, rgs16, rims2, rnf207, robo1, robo2, rora, rrs1, rsad2, rxfp1, ryr2, s100a1, samd5, sat1, scd2, sec14l4, serpinb6b, serpinb9c, setd1b, sfrp1, sfrp4, sfrp5, shisa2, slc35a3, slit3, slitrk4, smad6, snai3, sox4, spats2l, spp1, sprr2h, sqle, srebf2, sspn, stac2, stat6, stc1, stmn4, svep1, synpo, sytl4, tagln2, tbx2, tbx3, tdrd7, tecrl, tenm4, tfpi, timp3, tm4sf1, tm7sf2, tmem158, tmem71, tmsb4x, tnc, tnfrsf12a, tnfrsf9, ttl, ttyh3, ulbp1, usp13, vegfa, vtn, vwf, wdr54, wnt4, wsb1, xdh, zfp280b, zfp983
upstream_750_score_950	abca1, abcc5, acly, acta1, actg1, actn2, adam33, adgrg3, adnp, akr1c19, aldh1a1, aldh1l1, ankrd1, ano1, aoc1, apob, apoe, apom, astn2, atcay, atf3, atp1a3, b4galt6, bgn, bin2, cadm3, car3, car7, cbfa2t3, ccn1, ccn2, celsr1, clic6, col3a1, col5a1, col6a3, crebrf, ctcfl, cubn, dhcr7, dop1b, dusp8, elovl5, elovl6, eml5, ephb1, ephb2, epn3, erv3, etv4, fabp4, fads2, fam20c, fasn, fbxo32, fdft1, fdx1, fgfr2, fosl2, frat1, frat2, fzd7, gadd45b, gata6, gnas, gramd1b, gulo, h1f0, hbb-bs, hcn1, hcn4, hipk2, hmgcs1, hnf1a, hnf1b, hoxb4, igf2, il1r1, il1r2, insig1, isg20, itga1, kcnd3, kcnj2, kcnj6, kctd9, lacc1, lama1, lamc1, lgals1, lims2, lmcd1, lpl, lratd1, lrrfip1, mab21l2, maff, map1a, map1b, mbnl2, mdk, mllt11, mttp, mvb12b, mycbpap, myh11, nacc2, nectin1, nell1, nfkbiz, nlrc3, nmrk2, noct, npas4, nptx2, nr2f1, nr4a1, nr5a2, nrg1, nsdhl, onecut2, paqr9, pcgf5, pde9a, pdp2, pf4, ppp4r4, prkag3, prr12, prrt4, psd, ptprb, rasl11b, rbfox2, retreg1, rgcc, rims2, rnf207, robo1, robo2, rora, rrs1, rsad2, ryr2, sat1, scd2, serpinb6b, setd1b, sfrp1, slit3, smad6, spats2l, spp1, sqle, srebf2, sspn, stac2, stmn4, synpo, sytl4, tagln2, tbx3, tdrd7, tecrl, tenm4, tfpi, timp3, tm4sf1, tm7sf2, tmem71, tmsb4x, tnc, tnfrsf12a, tnfrsf9, ttl, ttyh3, usp13, vegfa, vtn, vwf, wsb1
upstream_750_score_990	abca1, actn2, adam33, aldh1a1, ankrd1, atp1a3, b4galt6, car3, car7, dusp8, elovl5, elovl6, epn3, fam20c, fasn, fdft1, fgfr2, gnas, hnf1b, kcnd3, kcnj6, map1a, mbnl2, mllt11, mttp, npas4, nrg1, psd, retreg1, robo1, rora, sspn, timp3, tmsb4x, ttl
