Gene stable ID,Transcript stable ID,Gene name,START OF GENE WINDOW INFO,column_2,column_3,column_5,column_6,column_7,column_8,column_9,column_10,column_11,column_12,START OF MOTIF LOCATION,Motif Start,Motif End,column_16,Relative Score,column_18,column_19,START OF TSS INFO,column_21,column_22,column_23,column_24,column_25,column_26,column_27,column_28
ENSMUSG00000024665,ENSMUST00000235937,Fads2,chr19,10066572,10088716,0,-,10066572,10088716,0,6,"40,77,61,36,126,15,","0,3699,3991,8544,15992,22129,",chr19,10076846,10076856,SOX4,970,471,+,chr19,10076696,10077700,mm_164983.1,1,+,10077448,10077449,"255,255,0"
ENSMUSG00000024665,ENSMUST00000235937,Fads2,chr19,10066572,10088716,0,-,10066572,10088716,0,6,"40,77,61,36,126,15,","0,3699,3991,8544,15992,22129,",chr19,10088921,10088931,SOX4,967,460,+,chr19,10088714,10089749,mm_152360.1,1,-,10088981,10088982,"255,255,0"
ENSMUSG00000024665,ENSMUST00000025567,Fads2,chr19,10062764,10101746,0,-,10064262,10101429,0,12,"1550,126,80,97,98,77,61,126,102,198,111,524,","0,1921,2837,3487,3750,7507,7799,19800,25937,26143,28976,38458,",chr19,10064064,10064074,SOX4,951,418,+,chr19,10063896,10064950,mm_152356.1,1,-,10064173,10064174,"255,255,0"
ENSMUSG00000024665,ENSMUST00000025567,Fads2,chr19,10062764,10101746,0,-,10064262,10101429,0,12,"1550,126,80,97,98,77,61,126,102,198,111,524,","0,1921,2837,3487,3750,7507,7799,19800,25937,26143,28976,38458,",chr19,10076846,10076856,SOX4,970,471,+,chr19,10076696,10077700,mm_164983.1,1,+,10077448,10077449,"255,255,0"
ENSMUSG00000024665,ENSMUST00000025567,Fads2,chr19,10062764,10101746,0,-,10064262,10101429,0,12,"1550,126,80,97,98,77,61,126,102,198,111,524,","0,1921,2837,3487,3750,7507,7799,19800,25937,26143,28976,38458,",chr19,10088921,10088931,SOX4,967,460,+,chr19,10088714,10089749,mm_152360.1,1,-,10088981,10088982,"255,255,0"
ENSMUSG00000024665,ENSMUST00000025567,Fads2,chr19,10062764,10101746,0,-,10064262,10101429,0,12,"1550,126,80,97,98,77,61,126,102,198,111,524,","0,1921,2837,3487,3750,7507,7799,19800,25937,26143,28976,38458,",chr19,10102174,10102184,SOX4,953,424,+,chr19,10101251,10102282,mm_152364.1,1,-,10101516,10101517,"255,255,0"
ENSMUSG00000024665,ENSMUST00000025567,Fads2,chr19,10062764,10101746,0,-,10064262,10101429,0,12,"1550,126,80,97,98,77,61,126,102,198,111,524,","0,1921,2837,3487,3750,7507,7799,19800,25937,26143,28976,38458,",chr19,10102174,10102184,SOX4,953,424,+,chr19,10101302,10102309,mm_152365.1,1,-,10101555,10101556,"255,255,0"
ENSMUSG00000024665,ENSMUST00000025567,Fads2,chr19,10062764,10101746,0,-,10064262,10101429,0,12,"1550,126,80,97,98,77,61,126,102,198,111,524,","0,1921,2837,3487,3750,7507,7799,19800,25937,26143,28976,38458,",chr19,10102174,10102184,SOX4,953,424,+,chr19,10101477,10102500,mm_152366.1,1,-,10101738,10101739,"255,255,0"
ENSMUSG00000024665,ENSMUST00000025567,Fads2,chr19,10062764,10101746,0,-,10064262,10101429,0,12,"1550,126,80,97,98,77,61,126,102,198,111,524,","0,1921,2837,3487,3750,7507,7799,19800,25937,26143,28976,38458,",chr19,10102174,10102184,SOX4,953,424,+,chr19,10101559,10102570,mm_152367.1,1,-,10101814,10101815,"255,255,0"
ENSMUSG00000024665,ENSMUST00000025567,Fads2,chr19,10062764,10101746,0,-,10064262,10101429,0,12,"1550,126,80,97,98,77,61,126,102,198,111,524,","0,1921,2837,3487,3750,7507,7799,19800,25937,26143,28976,38458,",chr19,10102174,10102184,SOX4,953,424,+,chr19,10101582,10102589,mm_152368.1,1,-,10101835,10101836,"255,255,0"
ENSMUSG00000061436,ENSMUST00000161779,Hipk2,chr6,38694389,38876165,0,-,38698134,38875817,0,15,"4207,164,248,282,180,143,122,208,163,185,87,120,124,1084,367,","0,4862,9049,21550,24364,27065,35531,36479,42968,48686,51274,53057,53484,123840,181409,",chr6,38738051,38738061,SOX4,952,422,+,chr6,38737218,38738233,mm_54635.1,1,-,38737475,38737476,"255,255,0"
ENSMUSG00000061436,ENSMUST00000161779,Hipk2,chr6,38694389,38876165,0,-,38698134,38875817,0,15,"4207,164,248,282,180,143,122,208,163,185,87,120,124,1084,367,","0,4862,9049,21550,24364,27065,35531,36479,42968,48686,51274,53057,53484,123840,181409,",chr6,38745613,38745623,SOX4,961,444,-,chr6,38745498,38746508,mm_54636.1,1,-,38745753,38745754,"255,255,0"
ENSMUSG00000061436,ENSMUST00000161779,Hipk2,chr6,38694389,38876165,0,-,38698134,38875817,0,15,"4207,164,248,282,180,143,122,208,163,185,87,120,124,1084,367,","0,4862,9049,21550,24364,27065,35531,36479,42968,48686,51274,53057,53484,123840,181409,",chr6,38782264,38782274,SOX4,970,465,+,chr6,38782016,38783044,mm_54637.1,1,-,38782280,38782281,"255,255,0"
ENSMUSG00000061436,ENSMUST00000161779,Hipk2,chr6,38694389,38876165,0,-,38698134,38875817,0,15,"4207,164,248,282,180,143,122,208,163,185,87,120,124,1084,367,","0,4862,9049,21550,24364,27065,35531,36479,42968,48686,51274,53057,53484,123840,181409,",chr6,38874268,38874278,SOX4,966,457,+,chr6,38874052,38875063,mm_49889.1,1,+,38874807,38874808,"255,255,0"
ENSMUSG00000061436,ENSMUST00000161779,Hipk2,chr6,38694389,38876165,0,-,38698134,38875817,0,15,"4207,164,248,282,180,143,122,208,163,185,87,120,124,1084,367,","0,4862,9049,21550,24364,27065,35531,36479,42968,48686,51274,53057,53484,123840,181409,",chr6,38874454,38874464,SOX4,985,532,-,chr6,38874052,38875063,mm_49889.1,1,+,38874807,38874808,"255,255,0"
ENSMUSG00000061436,ENSMUST00000161779,Hipk2,chr6,38694389,38876165,0,-,38698134,38875817,0,15,"4207,164,248,282,180,143,122,208,163,185,87,120,124,1084,367,","0,4862,9049,21550,24364,27065,35531,36479,42968,48686,51274,53057,53484,123840,181409,",chr6,38877233,38877243,SOX4,967,459,-,chr6,38876252,38877265,mm_54649.1,1,-,38876508,38876509,"255,255,0"
ENSMUSG00000061436,ENSMUST00000161779,Hipk2,chr6,38694389,38876165,0,-,38698134,38875817,0,15,"4207,164,248,282,180,143,122,208,163,185,87,120,124,1084,367,","0,4862,9049,21550,24364,27065,35531,36479,42968,48686,51274,53057,53484,123840,181409,",chr6,38877233,38877243,SOX4,967,459,-,chr6,38876268,38877279,mm_54650.1,1,-,38876523,38876524,"255,255,0"
ENSMUSG00000061436,ENSMUST00000161779,Hipk2,chr6,38694389,38876165,0,-,38698134,38875817,0,15,"4207,164,248,282,180,143,122,208,163,185,87,120,124,1084,367,","0,4862,9049,21550,24364,27065,35531,36479,42968,48686,51274,53057,53484,123840,181409,",chr6,38877233,38877243,SOX4,967,459,-,chr6,38876282,38877291,mm_54651.1,1,-,38876536,38876537,"255,255,0"
ENSMUSG00000061436,ENSMUST00000160962,Hipk2,chr6,38697879,38837224,0,-,38698134,38819311,0,15,"717,164,248,282,180,140,122,127,163,185,87,120,124,1084,229,","0,1372,5559,18060,20874,23575,32041,32989,39478,45196,47784,49567,49994,120350,139116,",chr6,38738051,38738061,SOX4,952,422,+,chr6,38737218,38738233,mm_54635.1,1,-,38737475,38737476,"255,255,0"
ENSMUSG00000061436,ENSMUST00000160962,Hipk2,chr6,38697879,38837224,0,-,38698134,38819311,0,15,"717,164,248,282,180,140,122,127,163,185,87,120,124,1084,229,","0,1372,5559,18060,20874,23575,32041,32989,39478,45196,47784,49567,49994,120350,139116,",chr6,38745613,38745623,SOX4,961,444,-,chr6,38745498,38746508,mm_54636.1,1,-,38745753,38745754,"255,255,0"
ENSMUSG00000061436,ENSMUST00000160962,Hipk2,chr6,38697879,38837224,0,-,38698134,38819311,0,15,"717,164,248,282,180,140,122,127,163,185,87,120,124,1084,229,","0,1372,5559,18060,20874,23575,32041,32989,39478,45196,47784,49567,49994,120350,139116,",chr6,38782264,38782274,SOX4,970,465,+,chr6,38782016,38783044,mm_54637.1,1,-,38782280,38782281,"255,255,0"
ENSMUSG00000061436,ENSMUST00000162359,Hipk2,chr6,38697883,38875923,0,-,38698134,38875817,0,15,"713,164,248,282,180,143,122,127,163,185,87,120,124,1084,125,","0,1368,5555,18056,20870,23571,32037,32985,39474,45192,47780,49563,49990,120346,177915,",chr6,38738051,38738061,SOX4,952,422,+,chr6,38737218,38738233,mm_54635.1,1,-,38737475,38737476,"255,255,0"
ENSMUSG00000061436,ENSMUST00000162359,Hipk2,chr6,38697883,38875923,0,-,38698134,38875817,0,15,"713,164,248,282,180,143,122,127,163,185,87,120,124,1084,125,","0,1368,5555,18056,20870,23571,32037,32985,39474,45192,47780,49563,49990,120346,177915,",chr6,38745613,38745623,SOX4,961,444,-,chr6,38745498,38746508,mm_54636.1,1,-,38745753,38745754,"255,255,0"
ENSMUSG00000061436,ENSMUST00000162359,Hipk2,chr6,38697883,38875923,0,-,38698134,38875817,0,15,"713,164,248,282,180,143,122,127,163,185,87,120,124,1084,125,","0,1368,5555,18056,20870,23571,32037,32985,39474,45192,47780,49563,49990,120346,177915,",chr6,38782264,38782274,SOX4,970,465,+,chr6,38782016,38783044,mm_54637.1,1,-,38782280,38782281,"255,255,0"
ENSMUSG00000061436,ENSMUST00000162359,Hipk2,chr6,38697883,38875923,0,-,38698134,38875817,0,15,"713,164,248,282,180,143,122,127,163,185,87,120,124,1084,125,","0,1368,5555,18056,20870,23571,32037,32985,39474,45192,47780,49563,49990,120346,177915,",chr6,38874268,38874278,SOX4,966,457,+,chr6,38874052,38875063,mm_49889.1,1,+,38874807,38874808,"255,255,0"
ENSMUSG00000061436,ENSMUST00000162359,Hipk2,chr6,38697883,38875923,0,-,38698134,38875817,0,15,"713,164,248,282,180,143,122,127,163,185,87,120,124,1084,125,","0,1368,5555,18056,20870,23571,32037,32985,39474,45192,47780,49563,49990,120346,177915,",chr6,38874454,38874464,SOX4,985,532,-,chr6,38874052,38875063,mm_49889.1,1,+,38874807,38874808,"255,255,0"
ENSMUSG00000061436,ENSMUST00000162359,Hipk2,chr6,38697883,38875923,0,-,38698134,38875817,0,15,"713,164,248,282,180,143,122,127,163,185,87,120,124,1084,125,","0,1368,5555,18056,20870,23571,32037,32985,39474,45192,47780,49563,49990,120346,177915,",chr6,38877233,38877243,SOX4,967,459,-,chr6,38876252,38877265,mm_54649.1,1,-,38876508,38876509,"255,255,0"
ENSMUSG00000061436,ENSMUST00000162359,Hipk2,chr6,38697883,38875923,0,-,38698134,38875817,0,15,"713,164,248,282,180,143,122,127,163,185,87,120,124,1084,125,","0,1368,5555,18056,20870,23571,32037,32985,39474,45192,47780,49563,49990,120346,177915,",chr6,38877233,38877243,SOX4,967,459,-,chr6,38876268,38877279,mm_54650.1,1,-,38876523,38876524,"255,255,0"
ENSMUSG00000061436,ENSMUST00000162359,Hipk2,chr6,38697883,38875923,0,-,38698134,38875817,0,15,"713,164,248,282,180,143,122,127,163,185,87,120,124,1084,125,","0,1368,5555,18056,20870,23571,32037,32985,39474,45192,47780,49563,49990,120346,177915,",chr6,38877233,38877243,SOX4,967,459,-,chr6,38876282,38877291,mm_54651.1,1,-,38876536,38876537,"255,255,0"
ENSMUSG00000061436,ENSMUST00000160360,Hipk2,chr6,38697888,38875971,0,-,38698134,38875817,0,15,"708,164,248,282,180,140,122,127,163,185,87,120,124,1084,173,","0,1363,5550,18051,20865,23566,32032,32980,39469,45187,47775,49558,49985,120341,177910,",chr6,38738051,38738061,SOX4,952,422,+,chr6,38737218,38738233,mm_54635.1,1,-,38737475,38737476,"255,255,0"
ENSMUSG00000061436,ENSMUST00000160360,Hipk2,chr6,38697888,38875971,0,-,38698134,38875817,0,15,"708,164,248,282,180,140,122,127,163,185,87,120,124,1084,173,","0,1363,5550,18051,20865,23566,32032,32980,39469,45187,47775,49558,49985,120341,177910,",chr6,38745613,38745623,SOX4,961,444,-,chr6,38745498,38746508,mm_54636.1,1,-,38745753,38745754,"255,255,0"
ENSMUSG00000061436,ENSMUST00000160360,Hipk2,chr6,38697888,38875971,0,-,38698134,38875817,0,15,"708,164,248,282,180,140,122,127,163,185,87,120,124,1084,173,","0,1363,5550,18051,20865,23566,32032,32980,39469,45187,47775,49558,49985,120341,177910,",chr6,38782264,38782274,SOX4,970,465,+,chr6,38782016,38783044,mm_54637.1,1,-,38782280,38782281,"255,255,0"
ENSMUSG00000061436,ENSMUST00000160360,Hipk2,chr6,38697888,38875971,0,-,38698134,38875817,0,15,"708,164,248,282,180,140,122,127,163,185,87,120,124,1084,173,","0,1363,5550,18051,20865,23566,32032,32980,39469,45187,47775,49558,49985,120341,177910,",chr6,38874268,38874278,SOX4,966,457,+,chr6,38874052,38875063,mm_49889.1,1,+,38874807,38874808,"255,255,0"
ENSMUSG00000061436,ENSMUST00000160360,Hipk2,chr6,38697888,38875971,0,-,38698134,38875817,0,15,"708,164,248,282,180,140,122,127,163,185,87,120,124,1084,173,","0,1363,5550,18051,20865,23566,32032,32980,39469,45187,47775,49558,49985,120341,177910,",chr6,38874454,38874464,SOX4,985,532,-,chr6,38874052,38875063,mm_49889.1,1,+,38874807,38874808,"255,255,0"
ENSMUSG00000061436,ENSMUST00000160360,Hipk2,chr6,38697888,38875971,0,-,38698134,38875817,0,15,"708,164,248,282,180,140,122,127,163,185,87,120,124,1084,173,","0,1363,5550,18051,20865,23566,32032,32980,39469,45187,47775,49558,49985,120341,177910,",chr6,38877233,38877243,SOX4,967,459,-,chr6,38876252,38877265,mm_54649.1,1,-,38876508,38876509,"255,255,0"
ENSMUSG00000061436,ENSMUST00000160360,Hipk2,chr6,38697888,38875971,0,-,38698134,38875817,0,15,"708,164,248,282,180,140,122,127,163,185,87,120,124,1084,173,","0,1363,5550,18051,20865,23566,32032,32980,39469,45187,47775,49558,49985,120341,177910,",chr6,38877233,38877243,SOX4,967,459,-,chr6,38876268,38877279,mm_54650.1,1,-,38876523,38876524,"255,255,0"
ENSMUSG00000061436,ENSMUST00000160360,Hipk2,chr6,38697888,38875971,0,-,38698134,38875817,0,15,"708,164,248,282,180,140,122,127,163,185,87,120,124,1084,173,","0,1363,5550,18051,20865,23566,32032,32980,39469,45187,47775,49558,49985,120341,177910,",chr6,38877233,38877243,SOX4,967,459,-,chr6,38876282,38877291,mm_54651.1,1,-,38876536,38876537,"255,255,0"
ENSMUSG00000061436,ENSMUST00000159307,Hipk2,chr6,38736698,38743260,0,-,38736698,38736698,0,3,"306,163,185,","0,659,6377,",chr6,38738051,38738061,SOX4,952,422,+,chr6,38737218,38738233,mm_54635.1,1,-,38737475,38737476,"255,255,0"
ENSMUSG00000061436,ENSMUST00000159307,Hipk2,chr6,38736698,38743260,0,-,38736698,38736698,0,3,"306,163,185,","0,659,6377,",chr6,38745613,38745623,SOX4,961,444,-,chr6,38745498,38746508,mm_54636.1,1,-,38745753,38745754,"255,255,0"
ENSMUSG00000061436,ENSMUST00000159894,Hipk2,chr6,38745456,38818346,0,-,38745456,38745456,0,4,"294,120,124,117,","0,1990,2417,72773,",chr6,38745613,38745623,SOX4,961,444,-,chr6,38745498,38746508,mm_54636.1,1,-,38745753,38745754,"255,255,0"
ENSMUSG00000061436,ENSMUST00000159894,Hipk2,chr6,38745456,38818346,0,-,38745456,38745456,0,4,"294,120,124,117,","0,1990,2417,72773,",chr6,38782264,38782274,SOX4,970,465,+,chr6,38782016,38783044,mm_54637.1,1,-,38782280,38782281,"255,255,0"
ENSMUSG00000069171,ENSMUST00000091458,Nr2f1,chr13,78188972,78199757,0,-,78189732,78198573,0,3,"1041,528,1638,","0,6189,9147,",chr13,78196592,78196602,SOX4,965,452,+,chr13,78196176,78197190,mm_117490.1,1,-,78196433,78196434,"255,255,0"
ENSMUSG00000069171,ENSMUST00000091458,Nr2f1,chr13,78188972,78199757,0,-,78189732,78198573,0,3,"1041,528,1638,","0,6189,9147,",chr13,78196592,78196602,SOX4,965,452,+,chr13,78196227,78197236,mm_117491.1,1,-,78196481,78196482,"255,255,0"
ENSMUSG00000069171,ENSMUST00000150498,Nr2f1,chr13,78189151,78197038,0,-,78189732,78195672,0,3,"862,528,1198,","0,6010,6689,",chr13,78196592,78196602,SOX4,965,452,+,chr13,78196176,78197190,mm_117490.1,1,-,78196433,78196434,"255,255,0"
ENSMUSG00000069171,ENSMUST00000150498,Nr2f1,chr13,78189151,78197038,0,-,78189732,78195672,0,3,"862,528,1198,","0,6010,6689,",chr13,78196592,78196602,SOX4,965,452,+,chr13,78196227,78197236,mm_117491.1,1,-,78196481,78196482,"255,255,0"
ENSMUSG00000069171,ENSMUST00000127137,Nr2f1,chr13,78189671,78197930,0,-,78189732,78195672,0,3,"342,528,121,","0,5490,8138,",chr13,78196592,78196602,SOX4,965,452,+,chr13,78196176,78197190,mm_117490.1,1,-,78196433,78196434,"255,255,0"
ENSMUSG00000069171,ENSMUST00000127137,Nr2f1,chr13,78189671,78197930,0,-,78189732,78195672,0,3,"342,528,121,","0,5490,8138,",chr13,78196592,78196602,SOX4,965,452,+,chr13,78196227,78197236,mm_117491.1,1,-,78196481,78196482,"255,255,0"
ENSMUSG00000069171,ENSMUST00000125176,Nr2f1,chr13,78189732,78196373,0,-,78189732,78196354,0,3,"281,528,32,","0,5429,6609,",chr13,78196592,78196602,SOX4,965,452,+,chr13,78196176,78197190,mm_117490.1,1,-,78196433,78196434,"255,255,0"
ENSMUSG00000069171,ENSMUST00000125176,Nr2f1,chr13,78189732,78196373,0,-,78189732,78196354,0,3,"281,528,32,","0,5429,6609,",chr13,78196592,78196602,SOX4,965,452,+,chr13,78196227,78197236,mm_117491.1,1,-,78196481,78196482,"255,255,0"
ENSMUSG00000069171,ENSMUST00000224798,Nr2f1,chr13,78195417,78197544,0,-,78195417,78196354,0,3,"272,108,341,","0,924,1786,",chr13,78196592,78196602,SOX4,965,452,+,chr13,78196176,78197190,mm_117490.1,1,-,78196433,78196434,"255,255,0"
ENSMUSG00000069171,ENSMUST00000224798,Nr2f1,chr13,78195417,78197544,0,-,78195417,78196354,0,3,"272,108,341,","0,924,1786,",chr13,78196592,78196602,SOX4,965,452,+,chr13,78196227,78197236,mm_117491.1,1,-,78196481,78196482,"255,255,0"
ENSMUSG00000022018,ENSMUST00000022595,Rgcc,chr14,79288755,79301645,0,-,79289111,79301497,0,5,"364,63,108,186,197,","0,1488,2915,11959,12693,",chr14,79291977,79291987,SOX4,965,452,-,chr14,79291740,79292748,mm_124097.1,1,-,79291994,79291995,"255,255,0"
ENSMUSG00000025203,ENSMUST00000237039,Scd2,chr19,44294075,44303978,0,+,44294387,44299818,0,6,"336,283,131,215,223,978,","0,828,3964,5533,7146,8925,",chr19,44293580,44293590,SOX4,974,481,-,chr19,44292705,44293706,mm_162013.1,1,+,44293455,44293456,"255,255,0"
ENSMUSG00000025203,ENSMUST00000237039,Scd2,chr19,44294075,44303978,0,+,44294387,44299818,0,6,"336,283,131,215,223,978,","0,828,3964,5533,7146,8925,",chr19,44293580,44293590,SOX4,974,481,-,chr19,44293253,44294291,mm_165065.1,1,+,44294022,44294023,"255,255,0"
ENSMUSG00000025203,ENSMUST00000237039,Scd2,chr19,44294075,44303978,0,+,44294387,44299818,0,6,"336,283,131,215,223,978,","0,828,3964,5533,7146,8925,",chr19,44293580,44293590,SOX4,974,481,-,chr19,44293323,44294349,mm_150770.1,1,+,44294086,44294087,"255,255,0"
ENSMUSG00000025203,ENSMUST00000237039,Scd2,chr19,44294075,44303978,0,+,44294387,44299818,0,6,"336,283,131,215,223,978,","0,828,3964,5533,7146,8925,",chr19,44293580,44293590,SOX4,974,481,-,chr19,44293392,44294399,mm_150771.1,1,+,44294145,44294146,"255,255,0"
ENSMUSG00000025203,ENSMUST00000237039,Scd2,chr19,44294075,44303978,0,+,44294387,44299818,0,6,"336,283,131,215,223,978,","0,828,3964,5533,7146,8925,",chr19,44293580,44293590,SOX4,974,481,-,chr19,44293408,44294418,mm_150772.1,1,+,44294163,44294164,"255,255,0"
ENSMUSG00000025203,ENSMUST00000237039,Scd2,chr19,44294075,44303978,0,+,44294387,44299818,0,6,"336,283,131,215,223,978,","0,828,3964,5533,7146,8925,",chr19,44293580,44293590,SOX4,974,481,-,chr19,44293443,44294456,mm_150773.1,1,+,44294199,44294200,"255,255,0"
ENSMUSG00000025203,ENSMUST00000237039,Scd2,chr19,44294075,44303978,0,+,44294387,44299818,0,6,"336,283,131,215,223,978,","0,828,3964,5533,7146,8925,",chr19,44293580,44293590,SOX4,974,481,-,chr19,44293482,44294496,mm_150774.1,1,+,44294239,44294240,"255,255,0"
ENSMUSG00000025203,ENSMUST00000237039,Scd2,chr19,44294075,44303978,0,+,44294387,44299818,0,6,"336,283,131,215,223,978,","0,828,3964,5533,7146,8925,",chr19,44293580,44293590,SOX4,974,481,-,chr19,44293506,44294509,mm_150775.1,1,+,44294257,44294258,"255,255,0"
ENSMUSG00000025203,ENSMUST00000237039,Scd2,chr19,44294075,44303978,0,+,44294387,44299818,0,6,"336,283,131,215,223,978,","0,828,3964,5533,7146,8925,",chr19,44293580,44293590,SOX4,974,481,-,chr19,44293515,44294523,mm_150776.1,1,+,44294269,44294270,"255,255,0"
ENSMUSG00000025203,ENSMUST00000237039,Scd2,chr19,44294075,44303978,0,+,44294387,44299818,0,6,"336,283,131,215,223,978,","0,828,3964,5533,7146,8925,",chr19,44293580,44293590,SOX4,974,481,-,chr19,44293546,44294554,mm_150777.1,1,+,44294300,44294301,"255,255,0"
ENSMUSG00000025203,ENSMUST00000237039,Scd2,chr19,44294075,44303978,0,+,44294387,44299818,0,6,"336,283,131,215,223,978,","0,828,3964,5533,7146,8925,",chr19,44298250,44298260,SOX4,960,442,-,chr19,44297310,44298377,mm_150786.1,1,+,44298093,44298094,"255,255,0"
ENSMUSG00000025203,ENSMUST00000237039,Scd2,chr19,44294075,44303978,0,+,44294387,44299818,0,6,"336,283,131,215,223,978,","0,828,3964,5533,7146,8925,",chr19,44300786,44300796,SOX4,978,497,+,chr19,44300527,44301547,mm_150787.1,1,+,44301287,44301288,"255,255,0"
ENSMUSG00000025203,ENSMUST00000237039,Scd2,chr19,44294075,44303978,0,+,44294387,44299818,0,6,"336,283,131,215,223,978,","0,828,3964,5533,7146,8925,",chr19,44300786,44300796,SOX4,978,497,+,chr19,44300601,44301648,mm_150788.1,1,+,44301374,44301375,"255,255,0"
ENSMUSG00000025203,ENSMUST00000237039,Scd2,chr19,44294075,44303978,0,+,44294387,44299818,0,6,"336,283,131,215,223,978,","0,828,3964,5533,7146,8925,",chr19,44300983,44300993,SOX4,952,424,+,chr19,44300527,44301547,mm_150787.1,1,+,44301287,44301288,"255,255,0"
ENSMUSG00000025203,ENSMUST00000237039,Scd2,chr19,44294075,44303978,0,+,44294387,44299818,0,6,"336,283,131,215,223,978,","0,828,3964,5533,7146,8925,",chr19,44300983,44300993,SOX4,952,424,+,chr19,44300601,44301648,mm_150788.1,1,+,44301374,44301375,"255,255,0"
ENSMUSG00000025203,ENSMUST00000026221,Scd2,chr19,44293673,44306864,0,+,44294387,44303200,0,6,"738,283,131,206,233,3864,","0,1230,4366,5935,7538,9327,",chr19,44293580,44293590,SOX4,974,481,-,chr19,44292705,44293706,mm_162013.1,1,+,44293455,44293456,"255,255,0"
ENSMUSG00000025203,ENSMUST00000026221,Scd2,chr19,44293673,44306864,0,+,44294387,44303200,0,6,"738,283,131,206,233,3864,","0,1230,4366,5935,7538,9327,",chr19,44293580,44293590,SOX4,974,481,-,chr19,44293253,44294291,mm_165065.1,1,+,44294022,44294023,"255,255,0"
ENSMUSG00000025203,ENSMUST00000026221,Scd2,chr19,44293673,44306864,0,+,44294387,44303200,0,6,"738,283,131,206,233,3864,","0,1230,4366,5935,7538,9327,",chr19,44293580,44293590,SOX4,974,481,-,chr19,44293323,44294349,mm_150770.1,1,+,44294086,44294087,"255,255,0"
ENSMUSG00000025203,ENSMUST00000026221,Scd2,chr19,44293673,44306864,0,+,44294387,44303200,0,6,"738,283,131,206,233,3864,","0,1230,4366,5935,7538,9327,",chr19,44293580,44293590,SOX4,974,481,-,chr19,44293392,44294399,mm_150771.1,1,+,44294145,44294146,"255,255,0"
ENSMUSG00000025203,ENSMUST00000026221,Scd2,chr19,44293673,44306864,0,+,44294387,44303200,0,6,"738,283,131,206,233,3864,","0,1230,4366,5935,7538,9327,",chr19,44293580,44293590,SOX4,974,481,-,chr19,44293408,44294418,mm_150772.1,1,+,44294163,44294164,"255,255,0"
ENSMUSG00000025203,ENSMUST00000026221,Scd2,chr19,44293673,44306864,0,+,44294387,44303200,0,6,"738,283,131,206,233,3864,","0,1230,4366,5935,7538,9327,",chr19,44293580,44293590,SOX4,974,481,-,chr19,44293443,44294456,mm_150773.1,1,+,44294199,44294200,"255,255,0"
ENSMUSG00000025203,ENSMUST00000026221,Scd2,chr19,44293673,44306864,0,+,44294387,44303200,0,6,"738,283,131,206,233,3864,","0,1230,4366,5935,7538,9327,",chr19,44293580,44293590,SOX4,974,481,-,chr19,44293482,44294496,mm_150774.1,1,+,44294239,44294240,"255,255,0"
ENSMUSG00000025203,ENSMUST00000026221,Scd2,chr19,44293673,44306864,0,+,44294387,44303200,0,6,"738,283,131,206,233,3864,","0,1230,4366,5935,7538,9327,",chr19,44293580,44293590,SOX4,974,481,-,chr19,44293506,44294509,mm_150775.1,1,+,44294257,44294258,"255,255,0"
ENSMUSG00000025203,ENSMUST00000026221,Scd2,chr19,44293673,44306864,0,+,44294387,44303200,0,6,"738,283,131,206,233,3864,","0,1230,4366,5935,7538,9327,",chr19,44293580,44293590,SOX4,974,481,-,chr19,44293515,44294523,mm_150776.1,1,+,44294269,44294270,"255,255,0"
ENSMUSG00000025203,ENSMUST00000026221,Scd2,chr19,44293673,44306864,0,+,44294387,44303200,0,6,"738,283,131,206,233,3864,","0,1230,4366,5935,7538,9327,",chr19,44293580,44293590,SOX4,974,481,-,chr19,44293546,44294554,mm_150777.1,1,+,44294300,44294301,"255,255,0"
ENSMUSG00000025203,ENSMUST00000026221,Scd2,chr19,44293673,44306864,0,+,44294387,44303200,0,6,"738,283,131,206,233,3864,","0,1230,4366,5935,7538,9327,",chr19,44298250,44298260,SOX4,960,442,-,chr19,44297310,44298377,mm_150786.1,1,+,44298093,44298094,"255,255,0"
ENSMUSG00000025203,ENSMUST00000026221,Scd2,chr19,44293673,44306864,0,+,44294387,44303200,0,6,"738,283,131,206,233,3864,","0,1230,4366,5935,7538,9327,",chr19,44300786,44300796,SOX4,978,497,+,chr19,44300527,44301547,mm_150787.1,1,+,44301287,44301288,"255,255,0"
ENSMUSG00000025203,ENSMUST00000026221,Scd2,chr19,44293673,44306864,0,+,44294387,44303200,0,6,"738,283,131,206,233,3864,","0,1230,4366,5935,7538,9327,",chr19,44300786,44300796,SOX4,978,497,+,chr19,44300601,44301648,mm_150788.1,1,+,44301374,44301375,"255,255,0"
ENSMUSG00000025203,ENSMUST00000026221,Scd2,chr19,44293673,44306864,0,+,44294387,44303200,0,6,"738,283,131,206,233,3864,","0,1230,4366,5935,7538,9327,",chr19,44300983,44300993,SOX4,952,424,+,chr19,44300527,44301547,mm_150787.1,1,+,44301287,44301288,"255,255,0"
ENSMUSG00000025203,ENSMUST00000026221,Scd2,chr19,44293673,44306864,0,+,44294387,44303200,0,6,"738,283,131,206,233,3864,","0,1230,4366,5935,7538,9327,",chr19,44300983,44300993,SOX4,952,424,+,chr19,44300601,44301648,mm_150788.1,1,+,44301374,44301375,"255,255,0"
ENSMUSG00000022351,ENSMUST00000162142,Sqle,chr15,59315076,59328958,0,+,59315076,59315076,0,9,"1053,253,181,66,114,172,96,143,2389,","0,2719,6237,7790,8537,8730,9385,10958,11493,",chr15,59322961,59322971,SOX4,952,421,-,chr15,59322859,59323895,mm_125573.1,1,+,59323627,59323628,"255,255,0"
ENSMUSG00000022351,ENSMUST00000162142,Sqle,chr15,59315076,59328958,0,+,59315076,59315076,0,9,"1053,253,181,66,114,172,96,143,2389,","0,2719,6237,7790,8537,8730,9385,10958,11493,",chr15,59323145,59323155,SOX4,952,422,+,chr15,59322859,59323895,mm_125573.1,1,+,59323627,59323628,"255,255,0"
ENSMUSG00000022351,ENSMUST00000022977,Sqle,chr15,59315080,59331192,0,+,59315844,59330917,0,11,"1049,253,181,97,114,172,96,143,97,88,468,","0,2715,6233,7755,8533,8726,9381,10954,11489,14659,15644,",chr15,59322961,59322971,SOX4,952,421,-,chr15,59322859,59323895,mm_125573.1,1,+,59323627,59323628,"255,255,0"
ENSMUSG00000022351,ENSMUST00000022977,Sqle,chr15,59315080,59331192,0,+,59315844,59330917,0,11,"1049,253,181,97,114,172,96,143,97,88,468,","0,2715,6233,7755,8533,8726,9381,10954,11489,14659,15644,",chr15,59323145,59323155,SOX4,952,422,+,chr15,59322859,59323895,mm_125573.1,1,+,59323627,59323628,"255,255,0"
ENSMUSG00000022351,ENSMUST00000100640,Sqle,chr15,59315106,59331192,0,+,59315844,59330917,0,10,"1023,253,181,97,114,172,143,97,88,468,","0,2689,6207,7729,8507,8700,10928,11463,14633,15618,",chr15,59322961,59322971,SOX4,952,421,-,chr15,59322859,59323895,mm_125573.1,1,+,59323627,59323628,"255,255,0"
ENSMUSG00000022351,ENSMUST00000100640,Sqle,chr15,59315106,59331192,0,+,59315844,59330917,0,10,"1023,253,181,97,114,172,143,97,88,468,","0,2689,6207,7729,8507,8700,10928,11463,14633,15618,",chr15,59323145,59323155,SOX4,952,422,+,chr15,59322859,59323895,mm_125573.1,1,+,59323627,59323628,"255,255,0"
ENSMUSG00000022351,ENSMUST00000161953,Sqle,chr15,59325542,59327199,0,+,59325542,59325542,0,2,"635,630,","0,1027,",chr15,59322961,59322971,SOX4,952,421,-,chr15,59322859,59323895,mm_125573.1,1,+,59323627,59323628,"255,255,0"
ENSMUSG00000022351,ENSMUST00000161953,Sqle,chr15,59325542,59327199,0,+,59325542,59325542,0,2,"635,630,","0,1027,",chr15,59323145,59323155,SOX4,952,422,+,chr15,59322859,59323895,mm_125573.1,1,+,59323627,59323628,"255,255,0"
ENSMUSG00000022463,ENSMUST00000023100,Srebf2,chr15,82147180,82205379,0,+,82147402,82203917,0,19,"310,417,182,147,222,115,182,193,182,277,170,169,118,110,133,169,186,112,1683,","0,22557,23921,25572,27916,29975,30225,31536,32185,34800,38083,45025,46864,47734,48979,50437,52454,56004,56516,",chr15,82148136,82148146,SOX4,978,497,-,chr15,82147241,82148250,mm_129735.1,1,-,82147495,82147496,"255,255,0"
ENSMUSG00000022463,ENSMUST00000023100,Srebf2,chr15,82147180,82205379,0,+,82147402,82203917,0,19,"310,417,182,147,222,115,182,193,182,277,170,169,118,110,133,169,186,112,1683,","0,22557,23921,25572,27916,29975,30225,31536,32185,34800,38083,45025,46864,47734,48979,50437,52454,56004,56516,",chr15,82148136,82148146,SOX4,978,497,-,chr15,82147261,82148273,mm_129736.1,1,-,82147517,82147518,"255,255,0"
ENSMUSG00000022463,ENSMUST00000229336,Srebf2,chr15,82147203,82204675,0,+,82147402,82204125,0,21,"287,81,216,182,147,222,115,182,193,182,277,170,169,118,110,133,169,186,112,140,649,","0,22534,22735,23898,25549,27893,29952,30202,31513,32162,34777,38060,45002,46841,47711,48956,50414,52431,55981,56493,56823,",chr15,82148136,82148146,SOX4,978,497,-,chr15,82147241,82148250,mm_129735.1,1,-,82147495,82147496,"255,255,0"
ENSMUSG00000022463,ENSMUST00000229336,Srebf2,chr15,82147203,82204675,0,+,82147402,82204125,0,21,"287,81,216,182,147,222,115,182,193,182,277,170,169,118,110,133,169,186,112,140,649,","0,22534,22735,23898,25549,27893,29952,30202,31513,32162,34777,38060,45002,46841,47711,48956,50414,52431,55981,56493,56823,",chr15,82148136,82148146,SOX4,978,497,-,chr15,82147261,82148273,mm_129736.1,1,-,82147517,82147518,"255,255,0"
ENSMUSG00000022463,ENSMUST00000231065,Srebf2,chr15,82147245,82173625,0,+,82147245,82147245,0,3,"245,1546,873,","0,22492,25507,",chr15,82148136,82148146,SOX4,978,497,-,chr15,82147241,82148250,mm_129735.1,1,-,82147495,82147496,"255,255,0"
ENSMUSG00000022463,ENSMUST00000231065,Srebf2,chr15,82147245,82173625,0,+,82147245,82147245,0,3,"245,1546,873,","0,22492,25507,",chr15,82148136,82148146,SOX4,978,497,-,chr15,82147261,82148273,mm_129736.1,1,-,82147517,82147518,"255,255,0"
ENSMUSG00000022463,ENSMUST00000230105,Srebf2,chr15,82147250,82173894,0,+,82147250,82147250,0,4,"240,417,182,1142,","0,22487,23851,25502,",chr15,82148136,82148146,SOX4,978,497,-,chr15,82147241,82148250,mm_129735.1,1,-,82147495,82147496,"255,255,0"
ENSMUSG00000022463,ENSMUST00000230105,Srebf2,chr15,82147250,82173894,0,+,82147250,82147250,0,4,"240,417,182,1142,","0,22487,23851,25502,",chr15,82148136,82148146,SOX4,978,497,-,chr15,82147261,82148273,mm_129736.1,1,-,82147517,82147518,"255,255,0"
ENSMUSG00000022463,ENSMUST00000229009,Srebf2,chr15,82148012,82171267,0,+,82169739,82171267,0,3,"165,417,166,","0,21725,23089,",chr15,82148136,82148146,SOX4,978,497,-,chr15,82147241,82148250,mm_129735.1,1,-,82147495,82147496,"255,255,0"
ENSMUSG00000022463,ENSMUST00000229009,Srebf2,chr15,82148012,82171267,0,+,82169739,82171267,0,3,"165,417,166,","0,21725,23089,",chr15,82148136,82148146,SOX4,978,497,-,chr15,82147261,82148273,mm_129736.1,1,-,82147517,82147518,"255,255,0"
ENSMUSG00000022463,ENSMUST00000229518,Srebf2,chr15,82148024,82170161,0,+,82148024,82148024,0,2,"153,424,","0,21713,",chr15,82148136,82148146,SOX4,978,497,-,chr15,82147241,82148250,mm_129735.1,1,-,82147495,82147496,"255,255,0"
ENSMUSG00000022463,ENSMUST00000229518,Srebf2,chr15,82148024,82170161,0,+,82148024,82148024,0,2,"153,424,","0,21713,",chr15,82148136,82148146,SOX4,978,497,-,chr15,82147261,82148273,mm_129736.1,1,-,82147517,82147518,"255,255,0"
ENSMUSG00000027394,ENSMUST00000144730,Ttl,chr2,129065984,129068105,0,+,129065984,129065984,0,2,"319,734,","0,1387,",chr2,129065404,129065414,SOX4,993,554,-,chr2,129065184,129066244,mm_14300.1,1,+,129065964,129065965,"255,255,0"
ENSMUSG00000027394,ENSMUST00000144730,Ttl,chr2,129065984,129068105,0,+,129065984,129065984,0,2,"319,734,","0,1387,",chr2,129065404,129065414,SOX4,993,554,-,chr2,129065253,129066265,mm_14301.1,1,+,129066009,129066010,"255,255,0"
ENSMUSG00000027394,ENSMUST00000035812,Ttl,chr2,129065941,129096283,0,+,129066146,129093055,0,7,"362,79,233,136,270,144,3343,","0,2913,9914,15268,16032,23052,26999,",chr2,129065404,129065414,SOX4,993,554,-,chr2,129065184,129066244,mm_14300.1,1,+,129065964,129065965,"255,255,0"
ENSMUSG00000027394,ENSMUST00000035812,Ttl,chr2,129065941,129096283,0,+,129066146,129093055,0,7,"362,79,233,136,270,144,3343,","0,2913,9914,15268,16032,23052,26999,",chr2,129065404,129065414,SOX4,993,554,-,chr2,129065253,129066265,mm_14301.1,1,+,129066009,129066010,"255,255,0"
