Genes,Parameter Combination
dchs2,upstream_2500_score_900
svep1,upstream_2500_score_900
tnc,upstream_2500_score_900
ccn1,upstream_2500_score_900
mttp,upstream_2500_score_900
slc35a3,upstream_2500_score_900
crct1,upstream_2500_score_900
tm4sf1,upstream_2500_score_900
car3,upstream_2500_score_900
gnas,upstream_2500_score_900
ttl,upstream_2500_score_900
adam33,upstream_2500_score_900
map1a,upstream_2500_score_900
mdk,upstream_2500_score_900
creb3l1,upstream_2500_score_900
tfpi,upstream_2500_score_900
astn2,upstream_2500_score_900
lhx3,upstream_2500_score_900
ephb2,upstream_2500_score_900
nppb,upstream_2500_score_900
sspn,upstream_2500_score_900
grip2,upstream_2500_score_900
aldh1l1,upstream_2500_score_900
wdr54,upstream_2500_score_900
adamts9,upstream_2500_score_900
pcyox1,upstream_2500_score_900
gfpt1,upstream_2500_score_900
aoc1,upstream_2500_score_900
medag,upstream_2500_score_900
hnf1a,upstream_2500_score_900
pf4,upstream_2500_score_900
spp1,upstream_2500_score_900
klb,upstream_2500_score_900
fosl2,upstream_2500_score_900
ppp2r2c,upstream_2500_score_900
tnfrsf9,upstream_2500_score_900
nacc2,upstream_2500_score_900
col5a1,upstream_2500_score_900
cubn,upstream_2500_score_900
hhex,upstream_2500_score_900
pcgf5,upstream_2500_score_900
ankrd1,upstream_2500_score_900
tm7sf2,upstream_2500_score_900
lipo3,upstream_2500_score_900
fads2,upstream_2500_score_900
lims2,upstream_2500_score_900
apom,upstream_2500_score_900
xdh,upstream_2500_score_900
vegfa,upstream_2500_score_900
tnfrsf12a,upstream_2500_score_900
noct,upstream_2500_score_900
nr4a1,upstream_2500_score_900
clic6,upstream_2500_score_900
robo1,upstream_2500_score_900
fasn,upstream_2500_score_900
cpn1,upstream_2500_score_900
scd2,upstream_2500_score_900
sat1,upstream_2500_score_900
atf3,upstream_2500_score_900
tagln2,upstream_2500_score_900
lamc1,upstream_2500_score_900
rgs16,upstream_2500_score_900
pfkfb2,upstream_2500_score_900
cacna1s,upstream_2500_score_900
nr5a2,upstream_2500_score_900
gipr,upstream_2500_score_900
lrrfip1,upstream_2500_score_900
2810459m11rik,upstream_2500_score_900
cyp27a1,upstream_2500_score_900
il1r2,upstream_2500_score_900
il1r1,upstream_2500_score_900
col3a1,upstream_2500_score_900
fam20c,upstream_2500_score_900
itih5,upstream_2500_score_900
mlph,upstream_2500_score_900
nr2f2,upstream_2500_score_900
maz,upstream_2500_score_900
coro1a,upstream_2500_score_900
isg20,upstream_2500_score_900
mycbpap,upstream_2500_score_900
mvb12b,upstream_2500_score_900
hoxb5,upstream_2500_score_900
hoxb4,upstream_2500_score_900
sct,upstream_2500_score_900
ciart,upstream_2500_score_900
setd1b,upstream_2500_score_900
spats2l,upstream_2500_score_900
fkbp14,upstream_2500_score_900
dusp8,upstream_2500_score_900
abhd18,upstream_2500_score_900
erv3,upstream_2500_score_900
rims2,upstream_2500_score_900
psd,upstream_2500_score_900
gramd1b,upstream_2500_score_900
maob,upstream_2500_score_900
foxa3,upstream_2500_score_900
kcnd3,upstream_2500_score_900
hic1,upstream_2500_score_900
synpo,upstream_2500_score_900
ccdc63,upstream_2500_score_900
serpinb6b,upstream_2500_score_900
maff,upstream_2500_score_900
reln,upstream_2500_score_900
hoxd1,upstream_2500_score_900
foxa2,upstream_2500_score_900
itga1,upstream_2500_score_900
fam222a,upstream_2500_score_900
kcnj2,upstream_2500_score_900
hspb8,upstream_2500_score_900
elovl6,upstream_2500_score_900
pde9a,upstream_2500_score_900
fzd7,upstream_2500_score_900
atp1a3,upstream_2500_score_900
mvk,upstream_2500_score_900
abcc5,upstream_2500_score_900
tmem71,upstream_2500_score_900
wnt4,upstream_2500_score_900
fdx1,upstream_2500_score_900
nectin1,upstream_2500_score_900
acta1,upstream_2500_score_900
car7,upstream_2500_score_900
nkd1,upstream_2500_score_900
cbln1,upstream_2500_score_900
sfrp1,upstream_2500_score_900
bgn,upstream_2500_score_900
nsdhl,upstream_2500_score_900
sytl4,upstream_2500_score_900
efnb1,upstream_2500_score_900
elf4,upstream_2500_score_900
ano1,upstream_2500_score_900
plk1,upstream_2500_score_900
fgfr2,upstream_2500_score_900
2310030g06rik,upstream_2500_score_900
apoa1,upstream_2500_score_900
ldlr,upstream_2500_score_900
rora,upstream_2500_score_900
ttyh3,upstream_2500_score_900
zfp983,upstream_2500_score_900
tdrd7,upstream_2500_score_900
crb2,upstream_2500_score_900
nfkbiz,upstream_2500_score_900
atcay,upstream_2500_score_900
dhcr24,upstream_2500_score_900
smad6,upstream_2500_score_900
gulo,upstream_2500_score_900
rxfp1,upstream_2500_score_900
calm4,upstream_2500_score_900
rbfox2,upstream_2500_score_900
lama1,upstream_2500_score_900
ephb1,upstream_2500_score_900
elovl5,upstream_2500_score_900
hcn4,upstream_2500_score_900
kctd9,upstream_2500_score_900
psca,upstream_2500_score_900
dop1b,upstream_2500_score_900
fbxo32,upstream_2500_score_900
amer1,upstream_2500_score_900
adnp,upstream_2500_score_900
eml5,upstream_2500_score_900
flrt3,upstream_2500_score_900
lrrc3,upstream_2500_score_900
hbb-bs,upstream_2500_score_900
actn2,upstream_2500_score_900
robo2,upstream_2500_score_900
jun,upstream_2500_score_900
map1b,upstream_2500_score_900
mllt11,upstream_2500_score_900
arhgap20,upstream_2500_score_900
aldh1a1,upstream_2500_score_900
emcn,upstream_2500_score_900
fsd1l,upstream_2500_score_900
rasl11b,upstream_2500_score_900
nlrc3,upstream_2500_score_900
zbtb12,upstream_2500_score_900
tmsb4x,upstream_2500_score_900
srebf2,upstream_2500_score_900
insig1,upstream_2500_score_900
onecut3,upstream_2500_score_900
npas4,upstream_2500_score_900
onecut2,upstream_2500_score_900
sprr2h,upstream_2500_score_900
prr12,upstream_2500_score_900
tmem158,upstream_2500_score_900
slitrk4,upstream_2500_score_900
tenm4,upstream_2500_score_900
col6a3,upstream_2500_score_900
crebrf,upstream_2500_score_900
pdp2,upstream_2500_score_900
igf2,upstream_2500_score_900
tecrl,upstream_2500_score_900
zfp280b,upstream_2500_score_900
frat2,upstream_2500_score_900
shisa2,upstream_2500_score_900
nell1,upstream_2500_score_900
prr9,upstream_2500_score_900
lgals1,upstream_2500_score_900
nr2f1,upstream_2500_score_900
lyz2,upstream_2500_score_900
ctcfl,upstream_2500_score_900
akr1c19,upstream_2500_score_900
h2-q6,upstream_2500_score_900
kcng1,upstream_2500_score_900
myh7b,upstream_2500_score_900
bhmt,upstream_2500_score_900
sox4,upstream_2500_score_900
fyb2,upstream_2500_score_900
prrt4,upstream_2500_score_900
ulbp1,upstream_2500_score_900
hmgcs1,upstream_2500_score_900
h1f0,upstream_2500_score_900
ppp1r3c,upstream_2500_score_900
frat1,upstream_2500_score_900
paqr9,upstream_2500_score_900
cyp26b1,upstream_2500_score_900
slit3,upstream_2500_score_900
usp13,upstream_2500_score_900
ado,upstream_2500_score_900
lmcd1,upstream_2500_score_900
mab21l2,upstream_2500_score_900
gstm1,upstream_2500_score_900
dhcr7,upstream_2500_score_900
b4galt6,upstream_2500_score_900
rnf207,upstream_2500_score_900
adgrg3,upstream_2500_score_900
samd5,upstream_2500_score_900
rrs1,upstream_2500_score_900
hipk2,upstream_2500_score_900
fabp4,upstream_2500_score_900
actg1,upstream_2500_score_900
nrg1,upstream_2500_score_900
nptx2,upstream_2500_score_900
lacc1,upstream_2500_score_900
h1f10,upstream_2500_score_900
s100a1,upstream_2500_score_900
lratd1,upstream_2500_score_900
galnt10,upstream_2500_score_900
ptprb,upstream_2500_score_900
hkdc1,upstream_2500_score_900
timp3,upstream_2500_score_900
ccn2,upstream_2500_score_900
sec14l4,upstream_2500_score_900
aoc3,upstream_2500_score_900
myh11,upstream_2500_score_900
sfrp5,upstream_2500_score_900
tbx3,upstream_2500_score_900
pip4k2b,upstream_2500_score_900
prl8a2,upstream_2500_score_900
pcsk9,upstream_2500_score_900
etv4,upstream_2500_score_900
apob,upstream_2500_score_900
rsad2,upstream_2500_score_900
hnf1b,upstream_2500_score_900
krt19,upstream_2500_score_900
sqle,upstream_2500_score_900
retreg1,upstream_2500_score_900
mbnl2,upstream_2500_score_900
stmn4,upstream_2500_score_900
rgcc,upstream_2500_score_900
fst,upstream_2500_score_900
hcn1,upstream_2500_score_900
wsb1,upstream_2500_score_900
serpinb9c,upstream_2500_score_900
sfrp4,upstream_2500_score_900
amph,upstream_2500_score_900
ryr2,upstream_2500_score_900
fdft1,upstream_2500_score_900
ppp4r4,upstream_2500_score_900
plcd3,upstream_2500_score_900
acly,upstream_2500_score_900
edn1,upstream_2500_score_900
stac2,upstream_2500_score_900
hnf4a,upstream_2500_score_900
celsr1,upstream_2500_score_900
apoe,upstream_2500_score_900
vtn,upstream_2500_score_900
stat6,upstream_2500_score_900
vwf,upstream_2500_score_900
ddt,upstream_2500_score_900
gstt1,upstream_2500_score_900
cyp51,upstream_2500_score_900
car4,upstream_2500_score_900
pdgfb,upstream_2500_score_900
alox12,upstream_2500_score_900
axin2,upstream_2500_score_900
tbx2,upstream_2500_score_900
bin2,upstream_2500_score_900
kcnj6,upstream_2500_score_900
irf2bp1,upstream_2500_score_900
ier3,upstream_2500_score_900
eno2,upstream_2500_score_900
nr2f6,upstream_2500_score_900
fgfr4,upstream_2500_score_900
lpl,upstream_2500_score_900
gadd45b,upstream_2500_score_900
abca1,upstream_2500_score_900
stc1,upstream_2500_score_900
nmrk2,upstream_2500_score_900
wnt2,upstream_2500_score_900
epn3,upstream_2500_score_900
hnrnpa0,upstream_2500_score_900
blk,upstream_2500_score_900
prkag3,upstream_2500_score_900
epha2,upstream_2500_score_900
cdc20,upstream_2500_score_900
cbfa2t3,upstream_2500_score_900
gata6,upstream_2500_score_900
apoa2,upstream_2500_score_900
cadm3,upstream_2500_score_900
snai3,upstream_2500_score_900
kcng1,upstream_2500_score_950
bin2,upstream_2500_score_950
h1f0,upstream_2500_score_950
hmgcs1,upstream_2500_score_950
ulbp1,upstream_2500_score_950
prrt4,upstream_2500_score_950
bhmt,upstream_2500_score_950
akr1c19,upstream_2500_score_950
adgrg3,upstream_2500_score_950
nr2f1,upstream_2500_score_950
cacna1s,upstream_2500_score_950
nr5a2,upstream_2500_score_950
lrrfip1,upstream_2500_score_950
2810459m11rik,upstream_2500_score_950
cyp27a1,upstream_2500_score_950
il1r2,upstream_2500_score_950
il1r1,upstream_2500_score_950
col3a1,upstream_2500_score_950
fam20c,upstream_2500_score_950
sat1,upstream_2500_score_950
scd2,upstream_2500_score_950
cpn1,upstream_2500_score_950
fasn,upstream_2500_score_950
pcgf5,upstream_2500_score_950
ankrd1,upstream_2500_score_950
tm7sf2,upstream_2500_score_950
lipo3,upstream_2500_score_950
fads2,upstream_2500_score_950
lims2,upstream_2500_score_950
apom,upstream_2500_score_950
xdh,upstream_2500_score_950
vegfa,upstream_2500_score_950
tnfrsf12a,upstream_2500_score_950
noct,upstream_2500_score_950
nr4a1,upstream_2500_score_950
pfkfb2,upstream_2500_score_950
lamc1,upstream_2500_score_950
ctcfl,upstream_2500_score_950
atf3,upstream_2500_score_950
gfpt1,upstream_2500_score_950
aoc1,upstream_2500_score_950
hnf1a,upstream_2500_score_950
pf4,upstream_2500_score_950
spp1,upstream_2500_score_950
fosl2,upstream_2500_score_950
ppp2r2c,upstream_2500_score_950
tnfrsf9,upstream_2500_score_950
ephb2,upstream_2500_score_950
astn2,upstream_2500_score_950
svep1,upstream_2500_score_950
tnc,upstream_2500_score_950
clic6,upstream_2500_score_950
ccn1,upstream_2500_score_950
tm4sf1,upstream_2500_score_950
car3,upstream_2500_score_950
gnas,upstream_2500_score_950
ttl,upstream_2500_score_950
adam33,upstream_2500_score_950
map1a,upstream_2500_score_950
mdk,upstream_2500_score_950
creb3l1,upstream_2500_score_950
tfpi,upstream_2500_score_950
nacc2,upstream_2500_score_950
col5a1,upstream_2500_score_950
cubn,upstream_2500_score_950
mttp,upstream_2500_score_950
dop1b,upstream_2500_score_950
robo1,upstream_2500_score_950
abcc5,upstream_2500_score_950
wsb1,upstream_2500_score_950
stac2,upstream_2500_score_950
vtn,upstream_2500_score_950
celsr1,upstream_2500_score_950
lpl,upstream_2500_score_950
gadd45b,upstream_2500_score_950
abca1,upstream_2500_score_950
stc1,upstream_2500_score_950
blk,upstream_2500_score_950
epn3,upstream_2500_score_950
prkag3,upstream_2500_score_950
cdc20,upstream_2500_score_950
etv4,upstream_2500_score_950
cbfa2t3,upstream_2500_score_950
cadm3,upstream_2500_score_950
fgfr4,upstream_2500_score_950
nmrk2,upstream_2500_score_950
eno2,upstream_2500_score_950
ier3,upstream_2500_score_950
apoe,upstream_2500_score_950
nr2f6,upstream_2500_score_950
stat6,upstream_2500_score_950
vwf,upstream_2500_score_950
ddt,upstream_2500_score_950
alox12,upstream_2500_score_950
axin2,upstream_2500_score_950
gata6,upstream_2500_score_950
pcyox1,upstream_2500_score_950
hnf4a,upstream_2500_score_950
pip4k2b,upstream_2500_score_950
psca,upstream_2500_score_950
srebf2,upstream_2500_score_950
fbxo32,upstream_2500_score_950
sqle,upstream_2500_score_950
retreg1,upstream_2500_score_950
mbnl2,upstream_2500_score_950
stmn4,upstream_2500_score_950
rgcc,upstream_2500_score_950
hcn1,upstream_2500_score_950
edn1,upstream_2500_score_950
ryr2,upstream_2500_score_950
fdft1,upstream_2500_score_950
prl8a2,upstream_2500_score_950
ppp4r4,upstream_2500_score_950
hnf1b,upstream_2500_score_950
rsad2,upstream_2500_score_950
apob,upstream_2500_score_950
lratd1,upstream_2500_score_950
galnt10,upstream_2500_score_950
ptprb,upstream_2500_score_950
timp3,upstream_2500_score_950
ccn2,upstream_2500_score_950
sec14l4,upstream_2500_score_950
myh11,upstream_2500_score_950
sfrp5,upstream_2500_score_950
tbx3,upstream_2500_score_950
acly,upstream_2500_score_950
adamts9,upstream_2500_score_950
tagln2,upstream_2500_score_950
aldh1l1,upstream_2500_score_950
nlrc3,upstream_2500_score_950
zbtb12,upstream_2500_score_950
tmsb4x,upstream_2500_score_950
tecrl,upstream_2500_score_950
igf2,upstream_2500_score_950
pdp2,upstream_2500_score_950
crebrf,upstream_2500_score_950
col6a3,upstream_2500_score_950
tenm4,upstream_2500_score_950
frat2,upstream_2500_score_950
prr12,upstream_2500_score_950
sprr2h,upstream_2500_score_950
onecut2,upstream_2500_score_950
npas4,upstream_2500_score_950
onecut3,upstream_2500_score_950
insig1,upstream_2500_score_950
lacc1,upstream_2500_score_950
pcsk9,upstream_2500_score_950
s100a1,upstream_2500_score_950
kcnj6,upstream_2500_score_950
synpo,upstream_2500_score_950
ccdc63,upstream_2500_score_950
serpinb6b,upstream_2500_score_950
maff,upstream_2500_score_950
reln,upstream_2500_score_950
rasl11b,upstream_2500_score_950
amer1,upstream_2500_score_950
wdr54,upstream_2500_score_950
eml5,upstream_2500_score_950
lgals1,upstream_2500_score_950
frat1,upstream_2500_score_950
paqr9,upstream_2500_score_950
nrg1,upstream_2500_score_950
actg1,upstream_2500_score_950
fabp4,upstream_2500_score_950
hipk2,upstream_2500_score_950
rrs1,upstream_2500_score_950
nptx2,upstream_2500_score_950
rnf207,upstream_2500_score_950
dhcr7,upstream_2500_score_950
mab21l2,upstream_2500_score_950
itga1,upstream_2500_score_950
lmcd1,upstream_2500_score_950
slit3,upstream_2500_score_950
b4galt6,upstream_2500_score_950
nell1,upstream_2500_score_950
fsd1l,upstream_2500_score_950
aldh1a1,upstream_2500_score_950
arhgap20,upstream_2500_score_950
mllt11,upstream_2500_score_950
map1b,upstream_2500_score_950
robo2,upstream_2500_score_950
actn2,upstream_2500_score_950
hbb-bs,upstream_2500_score_950
lrrc3,upstream_2500_score_950
usp13,upstream_2500_score_950
mvk,upstream_2500_score_950
adnp,upstream_2500_score_950
kcnj2,upstream_2500_score_950
rbfox2,upstream_2500_score_950
lama1,upstream_2500_score_950
ephb1,upstream_2500_score_950
elovl5,upstream_2500_score_950
hcn4,upstream_2500_score_950
rora,upstream_2500_score_950
ldlr,upstream_2500_score_950
fdx1,upstream_2500_score_950
nectin1,upstream_2500_score_950
acta1,upstream_2500_score_950
car7,upstream_2500_score_950
nkd1,upstream_2500_score_950
calm4,upstream_2500_score_950
sfrp1,upstream_2500_score_950
nsdhl,upstream_2500_score_950
sytl4,upstream_2500_score_950
efnb1,upstream_2500_score_950
ano1,upstream_2500_score_950
plk1,upstream_2500_score_950
fgfr2,upstream_2500_score_950
maz,upstream_2500_score_950
nr2f2,upstream_2500_score_950
gipr,upstream_2500_score_950
sspn,upstream_2500_score_950
grip2,upstream_2500_score_950
fam222a,upstream_2500_score_950
bgn,upstream_2500_score_950
kctd9,upstream_2500_score_950
cbln1,upstream_2500_score_950
dhcr24,upstream_2500_score_950
elovl6,upstream_2500_score_950
gulo,upstream_2500_score_950
pde9a,upstream_2500_score_950
fzd7,upstream_2500_score_950
atp1a3,upstream_2500_score_950
kcnd3,upstream_2500_score_950
maob,upstream_2500_score_950
gramd1b,upstream_2500_score_950
isg20,upstream_2500_score_950
mvb12b,upstream_2500_score_950
hoxb4,upstream_2500_score_950
ciart,upstream_2500_score_950
setd1b,upstream_2500_score_950
mycbpap,upstream_2500_score_950
tdrd7,upstream_2500_score_950
atcay,upstream_2500_score_950
nfkbiz,upstream_2500_score_950
spats2l,upstream_2500_score_950
ttyh3,upstream_2500_score_950
wnt4,upstream_2500_score_950
smad6,upstream_2500_score_950
tmem71,upstream_2500_score_950
rims2,upstream_2500_score_950
erv3,upstream_2500_score_950
abhd18,upstream_2500_score_950
dusp8,upstream_2500_score_950
psd,upstream_2500_score_950
gnas,upstream_2500_score_990
adam33,upstream_2500_score_990
map1a,upstream_2500_score_990
ttl,upstream_2500_score_990
car3,upstream_2500_score_990
fgfr2,upstream_2500_score_990
adamts9,upstream_2500_score_990
aldh1l1,upstream_2500_score_990
grip2,upstream_2500_score_990
fam20c,upstream_2500_score_990
sspn,upstream_2500_score_990
mttp,upstream_2500_score_990
fasn,upstream_2500_score_990
celsr1,upstream_2500_score_990
ankrd1,upstream_2500_score_990
clic6,upstream_2500_score_990
robo1,upstream_2500_score_990
retreg1,upstream_2500_score_990
mbnl2,upstream_2500_score_990
edn1,upstream_2500_score_990
ryr2,upstream_2500_score_990
fdft1,upstream_2500_score_990
hnf1b,upstream_2500_score_990
rsad2,upstream_2500_score_990
timp3,upstream_2500_score_990
stc1,upstream_2500_score_990
nsdhl,upstream_2500_score_990
pcgf5,upstream_2500_score_990
sfrp1,upstream_2500_score_990
fabp4,upstream_2500_score_990
rora,upstream_2500_score_990
epn3,upstream_2500_score_990
ulbp1,upstream_2500_score_990
nrg1,upstream_2500_score_990
hipk2,upstream_2500_score_990
b4galt6,upstream_2500_score_990
aldh1a1,upstream_2500_score_990
mllt11,upstream_2500_score_990
actn2,upstream_2500_score_990
tmsb4x,upstream_2500_score_990
pdp2,upstream_2500_score_990
tenm4,upstream_2500_score_990
sprr2h,upstream_2500_score_990
npas4,upstream_2500_score_990
car7,upstream_2500_score_990
kcnj6,upstream_2500_score_990
elovl6,upstream_2500_score_990
atp1a3,upstream_2500_score_990
kcnd3,upstream_2500_score_990
gramd1b,upstream_2500_score_990
isg20,upstream_2500_score_990
mvb12b,upstream_2500_score_990
dusp8,upstream_2500_score_990
rims2,upstream_2500_score_990
psd,upstream_2500_score_990
smad6,upstream_2500_score_990
dhcr24,upstream_2500_score_990
ephb1,upstream_2500_score_990
elovl5,upstream_2500_score_990
synpo,upstream_2500_score_990
axin2,upstream_2500_score_990
abca1,upstream_2500_score_990
igf2,upstream_5000_score_900
il1r2,upstream_5000_score_900
cyp27a1,upstream_5000_score_900
2810459m11rik,upstream_5000_score_900
mlph,upstream_5000_score_900
lrrfip1,upstream_5000_score_900
nr5a2,upstream_5000_score_900
cacna1s,upstream_5000_score_900
pfkfb2,upstream_5000_score_900
rgs16,upstream_5000_score_900
lamc1,upstream_5000_score_900
tagln2,upstream_5000_score_900
atf3,upstream_5000_score_900
cubn,upstream_5000_score_900
col5a1,upstream_5000_score_900
nacc2,upstream_5000_score_900
il1r1,upstream_5000_score_900
col3a1,upstream_5000_score_900
fam20c,upstream_5000_score_900
itih5,upstream_5000_score_900
tnfrsf12a,upstream_5000_score_900
vegfa,upstream_5000_score_900
xdh,upstream_5000_score_900
apom,upstream_5000_score_900
lims2,upstream_5000_score_900
fads2,upstream_5000_score_900
lipo3,upstream_5000_score_900
lhx3,upstream_5000_score_900
tm7sf2,upstream_5000_score_900
pcgf5,upstream_5000_score_900
gal,upstream_5000_score_900
hhex,upstream_5000_score_900
fasn,upstream_5000_score_900
cpn1,upstream_5000_score_900
scd2,upstream_5000_score_900
sat1,upstream_5000_score_900
ankrd1,upstream_5000_score_900
noct,upstream_5000_score_900
tfpi,upstream_5000_score_900
mdk,upstream_5000_score_900
spp1,upstream_5000_score_900
pf4,upstream_5000_score_900
hnf1a,upstream_5000_score_900
medag,upstream_5000_score_900
aoc1,upstream_5000_score_900
gfpt1,upstream_5000_score_900
pcyox1,upstream_5000_score_900
adamts9,upstream_5000_score_900
wdr54,upstream_5000_score_900
aldh1l1,upstream_5000_score_900
grip2,upstream_5000_score_900
sspn,upstream_5000_score_900
gipr,upstream_5000_score_900
nr2f2,upstream_5000_score_900
maz,upstream_5000_score_900
klb,upstream_5000_score_900
fosl2,upstream_5000_score_900
ppp2r2c,upstream_5000_score_900
nppb,upstream_5000_score_900
map1a,upstream_5000_score_900
adam33,upstream_5000_score_900
ttl,upstream_5000_score_900
gnas,upstream_5000_score_900
car3,upstream_5000_score_900
tm4sf1,upstream_5000_score_900
crct1,upstream_5000_score_900
creb3l1,upstream_5000_score_900
slc35a3,upstream_5000_score_900
ccn1,upstream_5000_score_900
kif12,upstream_5000_score_900
tnc,upstream_5000_score_900
svep1,upstream_5000_score_900
astn2,upstream_5000_score_900
ephb2,upstream_5000_score_900
tnfrsf9,upstream_5000_score_900
mttp,upstream_5000_score_900
nr4a1,upstream_5000_score_900
clic6,upstream_5000_score_900
dop1b,upstream_5000_score_900
epha2,upstream_5000_score_900
prkag3,upstream_5000_score_900
snai3,upstream_5000_score_900
hnrnpa0,upstream_5000_score_900
epn3,upstream_5000_score_900
wnt2,upstream_5000_score_900
blk,upstream_5000_score_900
stc1,upstream_5000_score_900
abca1,upstream_5000_score_900
gadd45b,upstream_5000_score_900
lpl,upstream_5000_score_900
celsr1,upstream_5000_score_900
vtn,upstream_5000_score_900
stac2,upstream_5000_score_900
wsb1,upstream_5000_score_900
cdc20,upstream_5000_score_900
cbfa2t3,upstream_5000_score_900
tuft1,upstream_5000_score_900
gata6,upstream_5000_score_900
alox12,upstream_5000_score_900
pdgfb,upstream_5000_score_900
car4,upstream_5000_score_900
cyp51,upstream_5000_score_900
gstt1,upstream_5000_score_900
ddt,upstream_5000_score_900
vwf,upstream_5000_score_900
etv4,upstream_5000_score_900
stat6,upstream_5000_score_900
apoe,upstream_5000_score_900
ier3,upstream_5000_score_900
eno2,upstream_5000_score_900
nmrk2,upstream_5000_score_900
fgfr4,upstream_5000_score_900
cadm3,upstream_5000_score_900
apoa2,upstream_5000_score_900
nr2f6,upstream_5000_score_900
hnf4a,upstream_5000_score_900
prl8a2,upstream_5000_score_900
pip4k2b,upstream_5000_score_900
amph,upstream_5000_score_900
sfrp4,upstream_5000_score_900
edn1,upstream_5000_score_900
serpinb9c,upstream_5000_score_900
hcn1,upstream_5000_score_900
fst,upstream_5000_score_900
rgcc,upstream_5000_score_900
ryr2,upstream_5000_score_900
stmn4,upstream_5000_score_900
retreg1,upstream_5000_score_900
sqle,upstream_5000_score_900
fbxo32,upstream_5000_score_900
srebf2,upstream_5000_score_900
psca,upstream_5000_score_900
abcc5,upstream_5000_score_900
robo1,upstream_5000_score_900
mbnl2,upstream_5000_score_900
coro1a,upstream_5000_score_900
fdft1,upstream_5000_score_900
plcd3,upstream_5000_score_900
tbx3,upstream_5000_score_900
sfrp5,upstream_5000_score_900
myh11,upstream_5000_score_900
aoc3,upstream_5000_score_900
sec14l4,upstream_5000_score_900
ccn2,upstream_5000_score_900
timp3,upstream_5000_score_900
ppp4r4,upstream_5000_score_900
hkdc1,upstream_5000_score_900
galnt10,upstream_5000_score_900
lratd1,upstream_5000_score_900
apob,upstream_5000_score_900
rsad2,upstream_5000_score_900
hnf1b,upstream_5000_score_900
krt19,upstream_5000_score_900
acly,upstream_5000_score_900
ptprb,upstream_5000_score_900
axin2,upstream_5000_score_900
fgfr2,upstream_5000_score_900
ano1,upstream_5000_score_900
eml5,upstream_5000_score_900
flrt3,upstream_5000_score_900
lrrc3,upstream_5000_score_900
hbb-bs,upstream_5000_score_900
actn2,upstream_5000_score_900
robo2,upstream_5000_score_900
jun,upstream_5000_score_900
map1b,upstream_5000_score_900
mllt11,upstream_5000_score_900
arhgap20,upstream_5000_score_900
aldh1a1,upstream_5000_score_900
emcn,upstream_5000_score_900
fsd1l,upstream_5000_score_900
tmem158,upstream_5000_score_900
nell1,upstream_5000_score_900
adnp,upstream_5000_score_900
amer1,upstream_5000_score_900
rasl11b,upstream_5000_score_900
nlrc3,upstream_5000_score_900
insig1,upstream_5000_score_900
onecut3,upstream_5000_score_900
npas4,upstream_5000_score_900
onecut2,upstream_5000_score_900
sprr2h,upstream_5000_score_900
prr12,upstream_5000_score_900
slitrk4,upstream_5000_score_900
b4galt6,upstream_5000_score_900
frat2,upstream_5000_score_900
col6a3,upstream_5000_score_900
crebrf,upstream_5000_score_900
pdp2,upstream_5000_score_900
tecrl,upstream_5000_score_900
zfp280b,upstream_5000_score_900
tmsb4x,upstream_5000_score_900
zbtb12,upstream_5000_score_900
tenm4,upstream_5000_score_900
h1f10,upstream_5000_score_900
prr9,upstream_5000_score_900
usp13,upstream_5000_score_900
lyz2,upstream_5000_score_900
ctcfl,upstream_5000_score_900
akr1c19,upstream_5000_score_900
h2-q6,upstream_5000_score_900
kcng1,upstream_5000_score_900
myh7b,upstream_5000_score_900
bhmt,upstream_5000_score_900
sox4,upstream_5000_score_900
fyb2,upstream_5000_score_900
prrt4,upstream_5000_score_900
ulbp1,upstream_5000_score_900
hmgcs1,upstream_5000_score_900
h1f0,upstream_5000_score_900
bin2,upstream_5000_score_900
dchs2,upstream_5000_score_900
nr2f1,upstream_5000_score_900
lgals1,upstream_5000_score_900
ppp1r3c,upstream_5000_score_900
frat1,upstream_5000_score_900
ado,upstream_5000_score_900
lmcd1,upstream_5000_score_900
mab21l2,upstream_5000_score_900
gstm1,upstream_5000_score_900
dhcr7,upstream_5000_score_900
rnf207,upstream_5000_score_900
nptx2,upstream_5000_score_900
slit3,upstream_5000_score_900
adgrg3,upstream_5000_score_900
rrs1,upstream_5000_score_900
hipk2,upstream_5000_score_900
fabp4,upstream_5000_score_900
actg1,upstream_5000_score_900
nrg1,upstream_5000_score_900
cyp26b1,upstream_5000_score_900
paqr9,upstream_5000_score_900
samd5,upstream_5000_score_900
plk1,upstream_5000_score_900
shisa2,upstream_5000_score_900
pcsk9,upstream_5000_score_900
rbfox2,upstream_5000_score_900
calm4,upstream_5000_score_900
rxfp1,upstream_5000_score_900
kctd9,upstream_5000_score_900
gulo,upstream_5000_score_900
dhcr24,upstream_5000_score_900
atcay,upstream_5000_score_900
nfkbiz,upstream_5000_score_900
crb2,upstream_5000_score_900
tdrd7,upstream_5000_score_900
zfp983,upstream_5000_score_900
ttyh3,upstream_5000_score_900
wnt4,upstream_5000_score_900
smad6,upstream_5000_score_900
tmem71,upstream_5000_score_900
lama1,upstream_5000_score_900
ephb1,upstream_5000_score_900
elovl5,upstream_5000_score_900
hcn4,upstream_5000_score_900
elf4,upstream_5000_score_900
efnb1,upstream_5000_score_900
sytl4,upstream_5000_score_900
nsdhl,upstream_5000_score_900
bgn,upstream_5000_score_900
sfrp1,upstream_5000_score_900
cbln1,upstream_5000_score_900
foxa2,upstream_5000_score_900
nkd1,upstream_5000_score_900
acta1,upstream_5000_score_900
nectin1,upstream_5000_score_900
fdx1,upstream_5000_score_900
2310030g06rik,upstream_5000_score_900
apoa1,upstream_5000_score_900
ldlr,upstream_5000_score_900
rora,upstream_5000_score_900
car7,upstream_5000_score_900
psd,upstream_5000_score_900
rims2,upstream_5000_score_900
erv3,upstream_5000_score_900
hspb8,upstream_5000_score_900
kcnj2,upstream_5000_score_900
fam222a,upstream_5000_score_900
mvk,upstream_5000_score_900
itga1,upstream_5000_score_900
hoxd1,upstream_5000_score_900
reln,upstream_5000_score_900
maff,upstream_5000_score_900
serpinb6b,upstream_5000_score_900
ccdc63,upstream_5000_score_900
synpo,upstream_5000_score_900
hic1,upstream_5000_score_900
kcnj6,upstream_5000_score_900
irf2bp1,upstream_5000_score_900
s100a1,upstream_5000_score_900
elovl6,upstream_5000_score_900
lacc1,upstream_5000_score_900
pde9a,upstream_5000_score_900
atp1a3,upstream_5000_score_900
abhd18,upstream_5000_score_900
dusp8,upstream_5000_score_900
fkbp14,upstream_5000_score_900
spats2l,upstream_5000_score_900
setd1b,upstream_5000_score_900
ciart,upstream_5000_score_900
sct,upstream_5000_score_900
hoxb4,upstream_5000_score_900
hoxb5,upstream_5000_score_900
mvb12b,upstream_5000_score_900
mycbpap,upstream_5000_score_900
isg20,upstream_5000_score_900
gramd1b,upstream_5000_score_900
maob,upstream_5000_score_900
foxa3,upstream_5000_score_900
kcnd3,upstream_5000_score_900
fzd7,upstream_5000_score_900
tbx2,upstream_5000_score_900
gstt1,upstream_5000_score_950
ddt,upstream_5000_score_950
sfrp4,upstream_5000_score_950
wdr54,upstream_5000_score_950
aldh1l1,upstream_5000_score_950
grip2,upstream_5000_score_950
sspn,upstream_5000_score_950
gipr,upstream_5000_score_950
nr2f2,upstream_5000_score_950
maz,upstream_5000_score_950
coro1a,upstream_5000_score_950
fgfr2,upstream_5000_score_950
plk1,upstream_5000_score_950
ano1,upstream_5000_score_950
elf4,upstream_5000_score_950
efnb1,upstream_5000_score_950
sytl4,upstream_5000_score_950
nsdhl,upstream_5000_score_950
adamts9,upstream_5000_score_950
bgn,upstream_5000_score_950
pcyox1,upstream_5000_score_950
aoc1,upstream_5000_score_950
car3,upstream_5000_score_950
tm4sf1,upstream_5000_score_950
mttp,upstream_5000_score_950
ccn1,upstream_5000_score_950
tnc,upstream_5000_score_950
svep1,upstream_5000_score_950
astn2,upstream_5000_score_950
ephb2,upstream_5000_score_950
tnfrsf9,upstream_5000_score_950
nppb,upstream_5000_score_950
ppp2r2c,upstream_5000_score_950
fosl2,upstream_5000_score_950
spp1,upstream_5000_score_950
pf4,upstream_5000_score_950
hnf1a,upstream_5000_score_950
gfpt1,upstream_5000_score_950
gnas,upstream_5000_score_950
sfrp1,upstream_5000_score_950
nkd1,upstream_5000_score_950
zfp983,upstream_5000_score_950
ttyh3,upstream_5000_score_950
wnt4,upstream_5000_score_950
smad6,upstream_5000_score_950
tmem71,upstream_5000_score_950
foxa2,upstream_5000_score_950
psd,upstream_5000_score_950
rims2,upstream_5000_score_950
erv3,upstream_5000_score_950
abhd18,upstream_5000_score_950
dusp8,upstream_5000_score_950
fkbp14,upstream_5000_score_950
spats2l,upstream_5000_score_950
setd1b,upstream_5000_score_950
ciart,upstream_5000_score_950
tdrd7,upstream_5000_score_950
cbln1,upstream_5000_score_950
nfkbiz,upstream_5000_score_950
dhcr24,upstream_5000_score_950
car7,upstream_5000_score_950
acta1,upstream_5000_score_950
nectin1,upstream_5000_score_950
fdx1,upstream_5000_score_950
ldlr,upstream_5000_score_950
rora,upstream_5000_score_950
hcn4,upstream_5000_score_950
elovl5,upstream_5000_score_950
ephb1,upstream_5000_score_950
lama1,upstream_5000_score_950
rbfox2,upstream_5000_score_950
calm4,upstream_5000_score_950
rxfp1,upstream_5000_score_950
kctd9,upstream_5000_score_950
gulo,upstream_5000_score_950
atcay,upstream_5000_score_950
ttl,upstream_5000_score_950
adam33,upstream_5000_score_950
map1a,upstream_5000_score_950
edn1,upstream_5000_score_950
hcn1,upstream_5000_score_950
rgcc,upstream_5000_score_950
stmn4,upstream_5000_score_950
mbnl2,upstream_5000_score_950
retreg1,upstream_5000_score_950
sqle,upstream_5000_score_950
fbxo32,upstream_5000_score_950
srebf2,upstream_5000_score_950
psca,upstream_5000_score_950
abcc5,upstream_5000_score_950
robo1,upstream_5000_score_950
dop1b,upstream_5000_score_950
clic6,upstream_5000_score_950
nr4a1,upstream_5000_score_950
pip4k2b,upstream_5000_score_950
noct,upstream_5000_score_950
amph,upstream_5000_score_950
fdft1,upstream_5000_score_950
myh11,upstream_5000_score_950
aoc3,upstream_5000_score_950
sec14l4,upstream_5000_score_950
ccn2,upstream_5000_score_950
timp3,upstream_5000_score_950
hkdc1,upstream_5000_score_950
ptprb,upstream_5000_score_950
galnt10,upstream_5000_score_950
lratd1,upstream_5000_score_950
apob,upstream_5000_score_950
rsad2,upstream_5000_score_950
hnf1b,upstream_5000_score_950
krt19,upstream_5000_score_950
acly,upstream_5000_score_950
ppp4r4,upstream_5000_score_950
ryr2,upstream_5000_score_950
tnfrsf12a,upstream_5000_score_950
vegfa,upstream_5000_score_950
xdh,upstream_5000_score_950
lrrfip1,upstream_5000_score_950
nr5a2,upstream_5000_score_950
cacna1s,upstream_5000_score_950
pfkfb2,upstream_5000_score_950
rgs16,upstream_5000_score_950
lamc1,upstream_5000_score_950
tagln2,upstream_5000_score_950
atf3,upstream_5000_score_950
cubn,upstream_5000_score_950
col5a1,upstream_5000_score_950
nacc2,upstream_5000_score_950
lhx3,upstream_5000_score_950
tfpi,upstream_5000_score_950
creb3l1,upstream_5000_score_950
mdk,upstream_5000_score_950
mlph,upstream_5000_score_950
2810459m11rik,upstream_5000_score_950
cyp27a1,upstream_5000_score_950
il1r2,upstream_5000_score_950
apom,upstream_5000_score_950
lims2,upstream_5000_score_950
fads2,upstream_5000_score_950
lipo3,upstream_5000_score_950
tm7sf2,upstream_5000_score_950
ankrd1,upstream_5000_score_950
pcgf5,upstream_5000_score_950
hoxb4,upstream_5000_score_950
gal,upstream_5000_score_950
cpn1,upstream_5000_score_950
scd2,upstream_5000_score_950
sat1,upstream_5000_score_950
itih5,upstream_5000_score_950
fam20c,upstream_5000_score_950
col3a1,upstream_5000_score_950
il1r1,upstream_5000_score_950
fasn,upstream_5000_score_950
sfrp5,upstream_5000_score_950
mvb12b,upstream_5000_score_950
isg20,upstream_5000_score_950
alox12,upstream_5000_score_950
pdgfb,upstream_5000_score_950
car4,upstream_5000_score_950
bin2,upstream_5000_score_950
h1f0,upstream_5000_score_950
hmgcs1,upstream_5000_score_950
ulbp1,upstream_5000_score_950
prrt4,upstream_5000_score_950
fyb2,upstream_5000_score_950
bhmt,upstream_5000_score_950
myh7b,upstream_5000_score_950
kcng1,upstream_5000_score_950
h2-q6,upstream_5000_score_950
axin2,upstream_5000_score_950
akr1c19,upstream_5000_score_950
nr2f1,upstream_5000_score_950
lgals1,upstream_5000_score_950
mycbpap,upstream_5000_score_950
frat1,upstream_5000_score_950
paqr9,upstream_5000_score_950
cyp26b1,upstream_5000_score_950
nrg1,upstream_5000_score_950
actg1,upstream_5000_score_950
fabp4,upstream_5000_score_950
hipk2,upstream_5000_score_950
rrs1,upstream_5000_score_950
samd5,upstream_5000_score_950
adgrg3,upstream_5000_score_950
ctcfl,upstream_5000_score_950
nptx2,upstream_5000_score_950
tbx2,upstream_5000_score_950
hnf4a,upstream_5000_score_950
vwf,upstream_5000_score_950
stat6,upstream_5000_score_950
nr2f6,upstream_5000_score_950
apoe,upstream_5000_score_950
ier3,upstream_5000_score_950
eno2,upstream_5000_score_950
nmrk2,upstream_5000_score_950
fgfr4,upstream_5000_score_950
cadm3,upstream_5000_score_950
gata6,upstream_5000_score_950
tuft1,upstream_5000_score_950
cbfa2t3,upstream_5000_score_950
cdc20,upstream_5000_score_950
prl8a2,upstream_5000_score_950
epha2,upstream_5000_score_950
snai3,upstream_5000_score_950
epn3,upstream_5000_score_950
wnt2,upstream_5000_score_950
blk,upstream_5000_score_950
stc1,upstream_5000_score_950
abca1,upstream_5000_score_950
gadd45b,upstream_5000_score_950
lpl,upstream_5000_score_950
celsr1,upstream_5000_score_950
vtn,upstream_5000_score_950
stac2,upstream_5000_score_950
wsb1,upstream_5000_score_950
etv4,upstream_5000_score_950
prkag3,upstream_5000_score_950
rnf207,upstream_5000_score_950
ppp1r3c,upstream_5000_score_950
gstm1,upstream_5000_score_950
sprr2h,upstream_5000_score_950
onecut2,upstream_5000_score_950
npas4,upstream_5000_score_950
onecut3,upstream_5000_score_950
insig1,upstream_5000_score_950
h1f10,upstream_5000_score_950
lacc1,upstream_5000_score_950
pcsk9,upstream_5000_score_950
s100a1,upstream_5000_score_950
kcnj6,upstream_5000_score_950
dhcr7,upstream_5000_score_950
ccdc63,upstream_5000_score_950
serpinb6b,upstream_5000_score_950
prr12,upstream_5000_score_950
maff,upstream_5000_score_950
hoxd1,upstream_5000_score_950
itga1,upstream_5000_score_950
mvk,upstream_5000_score_950
fam222a,upstream_5000_score_950
kcnj2,upstream_5000_score_950
elovl6,upstream_5000_score_950
pde9a,upstream_5000_score_950
fzd7,upstream_5000_score_950
atp1a3,upstream_5000_score_950
kcnd3,upstream_5000_score_950
foxa3,upstream_5000_score_950
maob,upstream_5000_score_950
gramd1b,upstream_5000_score_950
reln,upstream_5000_score_950
frat2,upstream_5000_score_950
synpo,upstream_5000_score_950
col6a3,upstream_5000_score_950
mab21l2,upstream_5000_score_950
tenm4,upstream_5000_score_950
usp13,upstream_5000_score_950
slit3,upstream_5000_score_950
prr9,upstream_5000_score_950
b4galt6,upstream_5000_score_950
nell1,upstream_5000_score_950
fsd1l,upstream_5000_score_950
aldh1a1,upstream_5000_score_950
arhgap20,upstream_5000_score_950
mllt11,upstream_5000_score_950
map1b,upstream_5000_score_950
robo2,upstream_5000_score_950
actn2,upstream_5000_score_950
lmcd1,upstream_5000_score_950
lrrc3,upstream_5000_score_950
hbb-bs,upstream_5000_score_950
crebrf,upstream_5000_score_950
pdp2,upstream_5000_score_950
igf2,upstream_5000_score_950
tecrl,upstream_5000_score_950
tmsb4x,upstream_5000_score_950
tbx3,upstream_5000_score_950
nlrc3,upstream_5000_score_950
rasl11b,upstream_5000_score_950
amer1,upstream_5000_score_950
adnp,upstream_5000_score_950
eml5,upstream_5000_score_950
zbtb12,upstream_5000_score_950
flrt3,upstream_5000_score_950
rnf207,upstream_5000_score_990
samd5,upstream_5000_score_990
hipk2,upstream_5000_score_990
cyp26b1,upstream_5000_score_990
nrg1,upstream_5000_score_990
dhcr7,upstream_5000_score_990
akr1c19,upstream_5000_score_990
ulbp1,upstream_5000_score_990
hmgcs1,upstream_5000_score_990
fabp4,upstream_5000_score_990
b4galt6,upstream_5000_score_990
tmsb4x,upstream_5000_score_990
mllt11,upstream_5000_score_990
actn2,upstream_5000_score_990
pdp2,upstream_5000_score_990
tenm4,upstream_5000_score_990
sprr2h,upstream_5000_score_990
npas4,upstream_5000_score_990
kcnj6,upstream_5000_score_990
synpo,upstream_5000_score_990
elovl6,upstream_5000_score_990
atp1a3,upstream_5000_score_990
kcnd3,upstream_5000_score_990
aldh1a1,upstream_5000_score_990
onecut2,upstream_5000_score_990
axin2,upstream_5000_score_990
gramd1b,upstream_5000_score_990
fam20c,upstream_5000_score_990
fasn,upstream_5000_score_990
pcgf5,upstream_5000_score_990
ankrd1,upstream_5000_score_990
fads2,upstream_5000_score_990
xdh,upstream_5000_score_990
clic6,upstream_5000_score_990
robo1,upstream_5000_score_990
retreg1,upstream_5000_score_990
mbnl2,upstream_5000_score_990
edn1,upstream_5000_score_990
il1r2,upstream_5000_score_990
amph,upstream_5000_score_990
fdft1,upstream_5000_score_990
hnf1b,upstream_5000_score_990
rsad2,upstream_5000_score_990
timp3,upstream_5000_score_990
myh11,upstream_5000_score_990
pip4k2b,upstream_5000_score_990
celsr1,upstream_5000_score_990
lpl,upstream_5000_score_990
abca1,upstream_5000_score_990
epn3,upstream_5000_score_990
gstt1,upstream_5000_score_990
ryr2,upstream_5000_score_990
creb3l1,upstream_5000_score_990
stc1,upstream_5000_score_990
adam33,upstream_5000_score_990
map1a,upstream_5000_score_990
isg20,upstream_5000_score_990
dusp8,upstream_5000_score_990
rims2,upstream_5000_score_990
psd,upstream_5000_score_990
tmem71,upstream_5000_score_990
smad6,upstream_5000_score_990
dhcr24,upstream_5000_score_990
kctd9,upstream_5000_score_990
ephb1,upstream_5000_score_990
elovl5,upstream_5000_score_990
rora,upstream_5000_score_990
mvb12b,upstream_5000_score_990
sfrp1,upstream_5000_score_990
car7,upstream_5000_score_990
gnas,upstream_5000_score_990
car3,upstream_5000_score_990
mttp,upstream_5000_score_990
ephb2,upstream_5000_score_990
ttl,upstream_5000_score_990
aldh1l1,upstream_5000_score_990
grip2,upstream_5000_score_990
sspn,upstream_5000_score_990
fgfr2,upstream_5000_score_990
nsdhl,upstream_5000_score_990
adamts9,upstream_5000_score_990
adamts9,upstream_750_score_900
fgfr2,upstream_750_score_900
aldh1l1,upstream_750_score_900
grip2,upstream_750_score_900
sspn,upstream_750_score_900
gipr,upstream_750_score_900
nr2f2,upstream_750_score_900
maz,upstream_750_score_900
coro1a,upstream_750_score_900
wdr54,upstream_750_score_900
bgn,upstream_750_score_900
elf4,upstream_750_score_900
efnb1,upstream_750_score_900
sytl4,upstream_750_score_900
nsdhl,upstream_750_score_900
sfrp1,upstream_750_score_900
cbln1,upstream_750_score_900
nkd1,upstream_750_score_900
car7,upstream_750_score_900
acta1,upstream_750_score_900
pcyox1,upstream_750_score_900
nectin1,upstream_750_score_900
ano1,upstream_750_score_900
gfpt1,upstream_750_score_900
ccn1,upstream_750_score_900
medag,upstream_750_score_900
fdx1,upstream_750_score_900
tfpi,upstream_750_score_900
creb3l1,upstream_750_score_900
mdk,upstream_750_score_900
map1a,upstream_750_score_900
adam33,upstream_750_score_900
ttl,upstream_750_score_900
gnas,upstream_750_score_900
car3,upstream_750_score_900
tm4sf1,upstream_750_score_900
aoc1,upstream_750_score_900
slc35a3,upstream_750_score_900
tnc,upstream_750_score_900
svep1,upstream_750_score_900
astn2,upstream_750_score_900
ephb2,upstream_750_score_900
tnfrsf9,upstream_750_score_900
ppp2r2c,upstream_750_score_900
fosl2,upstream_750_score_900
spp1,upstream_750_score_900
pf4,upstream_750_score_900
hnf1a,upstream_750_score_900
mttp,upstream_750_score_900
2310030g06rik,upstream_750_score_900
dusp8,upstream_750_score_900
ldlr,upstream_750_score_900
spats2l,upstream_750_score_900
setd1b,upstream_750_score_900
hoxb4,upstream_750_score_900
hoxb5,upstream_750_score_900
mvb12b,upstream_750_score_900
mycbpap,upstream_750_score_900
isg20,upstream_750_score_900
gramd1b,upstream_750_score_900
maob,upstream_750_score_900
kcnd3,upstream_750_score_900
fkbp14,upstream_750_score_900
atp1a3,upstream_750_score_900
pde9a,upstream_750_score_900
elovl6,upstream_750_score_900
hspb8,upstream_750_score_900
kcnj2,upstream_750_score_900
fam222a,upstream_750_score_900
mvk,upstream_750_score_900
itga1,upstream_750_score_900
reln,upstream_750_score_900
maff,upstream_750_score_900
serpinb6b,upstream_750_score_900
fzd7,upstream_750_score_900
nacc2,upstream_750_score_900
abhd18,upstream_750_score_900
erv3,upstream_750_score_900
rora,upstream_750_score_900
hcn4,upstream_750_score_900
elovl5,upstream_750_score_900
ephb1,upstream_750_score_900
lama1,upstream_750_score_900
rbfox2,upstream_750_score_900
calm4,upstream_750_score_900
rxfp1,upstream_750_score_900
kctd9,upstream_750_score_900
gulo,upstream_750_score_900
dhcr24,upstream_750_score_900
atcay,upstream_750_score_900
nfkbiz,upstream_750_score_900
crb2,upstream_750_score_900
tdrd7,upstream_750_score_900
zfp983,upstream_750_score_900
ttyh3,upstream_750_score_900
wnt4,upstream_750_score_900
smad6,upstream_750_score_900
tmem71,upstream_750_score_900
foxa2,upstream_750_score_900
psd,upstream_750_score_900
rims2,upstream_750_score_900
apoa1,upstream_750_score_900
col5a1,upstream_750_score_900
apom,upstream_750_score_900
atf3,upstream_750_score_900
vtn,upstream_750_score_900
stac2,upstream_750_score_900
wsb1,upstream_750_score_900
etv4,upstream_750_score_900
hnf4a,upstream_750_score_900
prl8a2,upstream_750_score_900
pip4k2b,upstream_750_score_900
tbx3,upstream_750_score_900
sfrp5,upstream_750_score_900
myh11,upstream_750_score_900
celsr1,upstream_750_score_900
aoc3,upstream_750_score_900
ccn2,upstream_750_score_900
timp3,upstream_750_score_900
hkdc1,upstream_750_score_900
ptprb,upstream_750_score_900
galnt10,upstream_750_score_900
lratd1,upstream_750_score_900
apob,upstream_750_score_900
rsad2,upstream_750_score_900
hnf1b,upstream_750_score_900
krt19,upstream_750_score_900
sec14l4,upstream_750_score_900
lpl,upstream_750_score_900
gadd45b,upstream_750_score_900
abca1,upstream_750_score_900
tbx2,upstream_750_score_900
axin2,upstream_750_score_900
cyp51,upstream_750_score_900
gstt1,upstream_750_score_900
ddt,upstream_750_score_900
vwf,upstream_750_score_900
stat6,upstream_750_score_900
nr2f6,upstream_750_score_900
apoe,upstream_750_score_900
eno2,upstream_750_score_900
nmrk2,upstream_750_score_900
fgfr4,upstream_750_score_900
cadm3,upstream_750_score_900
apoa2,upstream_750_score_900
gata6,upstream_750_score_900
cbfa2t3,upstream_750_score_900
cdc20,upstream_750_score_900
prkag3,upstream_750_score_900
snai3,upstream_750_score_900
hnrnpa0,upstream_750_score_900
epn3,upstream_750_score_900
blk,upstream_750_score_900
stc1,upstream_750_score_900
acly,upstream_750_score_900
cubn,upstream_750_score_900
plcd3,upstream_750_score_900
fdft1,upstream_750_score_900
tm7sf2,upstream_750_score_900
ankrd1,upstream_750_score_900
pcgf5,upstream_750_score_900
hhex,upstream_750_score_900
fasn,upstream_750_score_900
cpn1,upstream_750_score_900
scd2,upstream_750_score_900
sat1,upstream_750_score_900
itih5,upstream_750_score_900
fam20c,upstream_750_score_900
lipo3,upstream_750_score_900
col3a1,upstream_750_score_900
il1r2,upstream_750_score_900
cyp27a1,upstream_750_score_900
2810459m11rik,upstream_750_score_900
mlph,upstream_750_score_900
lrrfip1,upstream_750_score_900
nr5a2,upstream_750_score_900
pfkfb2,upstream_750_score_900
rgs16,upstream_750_score_900
lamc1,upstream_750_score_900
tagln2,upstream_750_score_900
il1r1,upstream_750_score_900
fads2,upstream_750_score_900
lims2,upstream_750_score_900
ccdc63,upstream_750_score_900
ryr2,upstream_750_score_900
amph,upstream_750_score_900
sfrp4,upstream_750_score_900
edn1,upstream_750_score_900
serpinb9c,upstream_750_score_900
hcn1,upstream_750_score_900
rgcc,upstream_750_score_900
stmn4,upstream_750_score_900
mbnl2,upstream_750_score_900
retreg1,upstream_750_score_900
sqle,upstream_750_score_900
fbxo32,upstream_750_score_900
srebf2,upstream_750_score_900
psca,upstream_750_score_900
abcc5,upstream_750_score_900
robo1,upstream_750_score_900
dop1b,upstream_750_score_900
clic6,upstream_750_score_900
nr4a1,upstream_750_score_900
noct,upstream_750_score_900
tnfrsf12a,upstream_750_score_900
vegfa,upstream_750_score_900
xdh,upstream_750_score_900
ppp4r4,upstream_750_score_900
synpo,upstream_750_score_900
ado,upstream_750_score_900
irf2bp1,upstream_750_score_900
paqr9,upstream_750_score_900
cyp26b1,upstream_750_score_900
nrg1,upstream_750_score_900
actg1,upstream_750_score_900
fabp4,upstream_750_score_900
hipk2,upstream_750_score_900
rrs1,upstream_750_score_900
samd5,upstream_750_score_900
adgrg3,upstream_750_score_900
nptx2,upstream_750_score_900
rnf207,upstream_750_score_900
dhcr7,upstream_750_score_900
gstm1,upstream_750_score_900
mab21l2,upstream_750_score_900
zfp280b,upstream_750_score_900
frat1,upstream_750_score_900
tmsb4x,upstream_750_score_900
ppp1r3c,upstream_750_score_900
nr2f1,upstream_750_score_900
lmcd1,upstream_750_score_900
kcnj6,upstream_750_score_900
dchs2,upstream_750_score_900
bin2,upstream_750_score_900
h1f0,upstream_750_score_900
hmgcs1,upstream_750_score_900
prrt4,upstream_750_score_900
fyb2,upstream_750_score_900
sox4,upstream_750_score_900
bhmt,upstream_750_score_900
myh7b,upstream_750_score_900
h2-q6,upstream_750_score_900
akr1c19,upstream_750_score_900
ctcfl,upstream_750_score_900
lyz2,upstream_750_score_900
lgals1,upstream_750_score_900
nlrc3,upstream_750_score_900
ulbp1,upstream_750_score_900
adnp,upstream_750_score_900
igf2,upstream_750_score_900
pdp2,upstream_750_score_900
crebrf,upstream_750_score_900
col6a3,upstream_750_score_900
tenm4,upstream_750_score_900
frat2,upstream_750_score_900
slitrk4,upstream_750_score_900
prr12,upstream_750_score_900
sprr2h,upstream_750_score_900
onecut2,upstream_750_score_900
insig1,upstream_750_score_900
shisa2,upstream_750_score_900
s100a1,upstream_750_score_900
lacc1,upstream_750_score_900
rasl11b,upstream_750_score_900
tecrl,upstream_750_score_900
usp13,upstream_750_score_900
npas4,upstream_750_score_900
b4galt6,upstream_750_score_900
slit3,upstream_750_score_900
flrt3,upstream_750_score_900
lrrc3,upstream_750_score_900
actn2,upstream_750_score_900
robo2,upstream_750_score_900
jun,upstream_750_score_900
map1b,upstream_750_score_900
hbb-bs,upstream_750_score_900
arhgap20,upstream_750_score_900
nell1,upstream_750_score_900
tmem158,upstream_750_score_900
mllt11,upstream_750_score_900
fsd1l,upstream_750_score_900
eml5,upstream_750_score_900
emcn,upstream_750_score_900
aldh1a1,upstream_750_score_900
fbxo32,upstream_750_score_950
srebf2,upstream_750_score_950
abcc5,upstream_750_score_950
sqle,upstream_750_score_950
dop1b,upstream_750_score_950
retreg1,upstream_750_score_950
clic6,upstream_750_score_950
nr4a1,upstream_750_score_950
noct,upstream_750_score_950
tnfrsf12a,upstream_750_score_950
vegfa,upstream_750_score_950
apom,upstream_750_score_950
robo1,upstream_750_score_950
scd2,upstream_750_score_950
fads2,upstream_750_score_950
tm7sf2,upstream_750_score_950
ankrd1,upstream_750_score_950
pcgf5,upstream_750_score_950
fasn,upstream_750_score_950
fam20c,upstream_750_score_950
col3a1,upstream_750_score_950
il1r1,upstream_750_score_950
il1r2,upstream_750_score_950
lrrfip1,upstream_750_score_950
mbnl2,upstream_750_score_950
lamc1,upstream_750_score_950
lims2,upstream_750_score_950
stmn4,upstream_750_score_950
wsb1,upstream_750_score_950
hcn1,upstream_750_score_950
tagln2,upstream_750_score_950
vwf,upstream_750_score_950
apoe,upstream_750_score_950
nmrk2,upstream_750_score_950
cadm3,upstream_750_score_950
gata6,upstream_750_score_950
cbfa2t3,upstream_750_score_950
prkag3,upstream_750_score_950
epn3,upstream_750_score_950
abca1,upstream_750_score_950
gadd45b,upstream_750_score_950
lpl,upstream_750_score_950
celsr1,upstream_750_score_950
vtn,upstream_750_score_950
stac2,upstream_750_score_950
etv4,upstream_750_score_950
tbx3,upstream_750_score_950
myh11,upstream_750_score_950
ccn2,upstream_750_score_950
timp3,upstream_750_score_950
ptprb,upstream_750_score_950
lratd1,upstream_750_score_950
apob,upstream_750_score_950
rsad2,upstream_750_score_950
hnf1b,upstream_750_score_950
acly,upstream_750_score_950
ppp4r4,upstream_750_score_950
fdft1,upstream_750_score_950
ryr2,upstream_750_score_950
rgcc,upstream_750_score_950
atf3,upstream_750_score_950
sat1,upstream_750_score_950
col5a1,upstream_750_score_950
hbb-bs,upstream_750_score_950
eml5,upstream_750_score_950
adnp,upstream_750_score_950
rasl11b,upstream_750_score_950
nlrc3,upstream_750_score_950
tmsb4x,upstream_750_score_950
tecrl,upstream_750_score_950
igf2,upstream_750_score_950
pdp2,upstream_750_score_950
crebrf,upstream_750_score_950
col6a3,upstream_750_score_950
tenm4,upstream_750_score_950
actn2,upstream_750_score_950
frat2,upstream_750_score_950
onecut2,upstream_750_score_950
npas4,upstream_750_score_950
insig1,upstream_750_score_950
lacc1,upstream_750_score_950
kcnj6,upstream_750_score_950
synpo,upstream_750_score_950
serpinb6b,upstream_750_score_950
maff,upstream_750_score_950
itga1,upstream_750_score_950
kcnj2,upstream_750_score_950
elovl6,upstream_750_score_950
cubn,upstream_750_score_950
prr12,upstream_750_score_950
pde9a,upstream_750_score_950
robo2,upstream_750_score_950
mllt11,upstream_750_score_950
bin2,upstream_750_score_950
h1f0,upstream_750_score_950
hmgcs1,upstream_750_score_950
prrt4,upstream_750_score_950
akr1c19,upstream_750_score_950
ctcfl,upstream_750_score_950
nr2f1,upstream_750_score_950
lgals1,upstream_750_score_950
frat1,upstream_750_score_950
paqr9,upstream_750_score_950
nrg1,upstream_750_score_950
actg1,upstream_750_score_950
map1b,upstream_750_score_950
fabp4,upstream_750_score_950
rrs1,upstream_750_score_950
adgrg3,upstream_750_score_950
nptx2,upstream_750_score_950
rnf207,upstream_750_score_950
dhcr7,upstream_750_score_950
mab21l2,upstream_750_score_950
lmcd1,upstream_750_score_950
usp13,upstream_750_score_950
slit3,upstream_750_score_950
b4galt6,upstream_750_score_950
nell1,upstream_750_score_950
aldh1a1,upstream_750_score_950
hipk2,upstream_750_score_950
fzd7,upstream_750_score_950
nr5a2,upstream_750_score_950
kcnd3,upstream_750_score_950
sytl4,upstream_750_score_950
nsdhl,upstream_750_score_950
bgn,upstream_750_score_950
sfrp1,upstream_750_score_950
car7,upstream_750_score_950
acta1,upstream_750_score_950
nectin1,upstream_750_score_950
fdx1,upstream_750_score_950
rora,upstream_750_score_950
hcn4,upstream_750_score_950
elovl5,upstream_750_score_950
ephb1,upstream_750_score_950
lama1,upstream_750_score_950
rbfox2,upstream_750_score_950
kctd9,upstream_750_score_950
gulo,upstream_750_score_950
atcay,upstream_750_score_950
nfkbiz,upstream_750_score_950
tdrd7,upstream_750_score_950
ano1,upstream_750_score_950
fgfr2,upstream_750_score_950
sspn,upstream_750_score_950
aldh1l1,upstream_750_score_950
nacc2,upstream_750_score_950
tfpi,upstream_750_score_950
mdk,upstream_750_score_950
map1a,upstream_750_score_950
adam33,upstream_750_score_950
ttl,upstream_750_score_950
gnas,upstream_750_score_950
car3,upstream_750_score_950
tm4sf1,upstream_750_score_950
ttyh3,upstream_750_score_950
mttp,upstream_750_score_950
tnc,upstream_750_score_950
astn2,upstream_750_score_950
ephb2,upstream_750_score_950
tnfrsf9,upstream_750_score_950
fosl2,upstream_750_score_950
spp1,upstream_750_score_950
pf4,upstream_750_score_950
hnf1a,upstream_750_score_950
aoc1,upstream_750_score_950
ccn1,upstream_750_score_950
smad6,upstream_750_score_950
tmem71,upstream_750_score_950
psd,upstream_750_score_950
isg20,upstream_750_score_950
atp1a3,upstream_750_score_950
gramd1b,upstream_750_score_950
mvb12b,upstream_750_score_950
hoxb4,upstream_750_score_950
mycbpap,upstream_750_score_950
spats2l,upstream_750_score_950
dusp8,upstream_750_score_950
erv3,upstream_750_score_950
rims2,upstream_750_score_950
setd1b,upstream_750_score_950
atp1a3,upstream_750_score_990
elovl5,upstream_750_score_990
psd,upstream_750_score_990
dusp8,upstream_750_score_990
kcnd3,upstream_750_score_990
elovl6,upstream_750_score_990
mllt11,upstream_750_score_990
npas4,upstream_750_score_990
tmsb4x,upstream_750_score_990
actn2,upstream_750_score_990
aldh1a1,upstream_750_score_990
b4galt6,upstream_750_score_990
nrg1,upstream_750_score_990
kcnj6,upstream_750_score_990
car7,upstream_750_score_990
gnas,upstream_750_score_990
sspn,upstream_750_score_990
epn3,upstream_750_score_990
abca1,upstream_750_score_990
timp3,upstream_750_score_990
hnf1b,upstream_750_score_990
fdft1,upstream_750_score_990
mbnl2,upstream_750_score_990
retreg1,upstream_750_score_990
fgfr2,upstream_750_score_990
robo1,upstream_750_score_990
fasn,upstream_750_score_990
fam20c,upstream_750_score_990
map1a,upstream_750_score_990
adam33,upstream_750_score_990
ttl,upstream_750_score_990
car3,upstream_750_score_990
mttp,upstream_750_score_990
ankrd1,upstream_750_score_990
rora,upstream_750_score_990
