GO Name,Found in # of parameter combinations (OUT OF 9)
cholesterol biosynthetic process,7
steroid metabolic process,7
cholesterol homeostasis,7
axon,7
endoplasmic reticulum,7
steroid biosynthetic process,7
lipid metabolic process,7
cholesterol metabolic process,7
sterol biosynthetic process,7
fatty acid biosynthetic process,7
collagen-containing extracellular matrix,6
cytoplasm,6
extracellular space,6
dendrite,6
protein binding,6
cholesterol transfer activity,6
extracellular matrix structural constituent,6
extracellular region,6
extracellular matrix,6
tissue development,6
positive regulation of transcription by RNA polymerase II,6
positive regulation of gene expression,6
identical protein binding,6
integrin binding,6
lipid transporter activity,6
lipoprotein metabolic process,6
metal ion binding,6
positive regulation of DNA-templated transcription,6
outflow tract septum morphogenesis,6
heparin binding,6
phospholipid binding,6
very-low-density lipoprotein particle,6
sarcolemma,6
cellular_component,6
aortic valve morphogenesis,6
axon guidance receptor activity,6
reverse cholesterol transport,6
DNA-binding transcription factor activity,6
cell surface,6
cell differentiation,5
oxidoreductase activity,5
"DNA-binding transcription activator activity, RNA polymerase II-specific",5
RNA polymerase II cis-regulatory region sequence-specific DNA binding,5
low-density lipoprotein particle,5
positive regulation of apoptotic process,5
positive regulation of cell population proliferation,5
protein homodimerization activity,5
sequence-specific double-stranded DNA binding,5
positive regulation of inflammatory response,5
FAD binding,5
molecular_function,5
potassium ion import across plasma membrane,5
multicellular organism development,5
biological_process,5
negative regulation of gene expression,5
negative regulation of transcription by RNA polymerase II,5
transcription cis-regulatory region binding,5
neuron projection development,5
nuclear receptor activity,5
synaptic cleft,5
sequence-specific DNA binding,5
negative regulation of cell population proliferation,4
pancreas development,4
lung development,4
non-canonical Wnt signaling pathway,4
"DNA-binding transcription factor activity, RNA polymerase II-specific",4
cholesterol efflux,4
cell adhesion,4
regulation of transcription by RNA polymerase II,4
cell-substrate adhesion,4
apolipoprotein binding,4
axon guidance,4
gene expression,4
fibroblast growth factor receptor signaling pathway,4
basement membrane,4
regulation of DNA-templated transcription,4
signaling receptor binding,4
smooth muscle cell differentiation,4
transcription coregulator binding,4
transcription regulator complex,4
canonical Wnt signaling pathway,4
endocardial cushion formation,4
positive regulation of cardiac muscle cell proliferation,3
protein-containing complex binding,3
sterol metabolic process,3
positive regulation of collagen biosynthetic process,3
regulation of cell population proliferation,3
lipoprotein biosynthetic process,3
phospholipid efflux,3
peptidyl-tyrosine phosphorylation,3
ventricular septum morphogenesis,3
triglyceride homeostasis,3
RNA polymerase II transcription regulator complex,3
Wnt signaling pathway,3
anterior/posterior pattern specification,3
blood vessel development,3
blood vessel morphogenesis,3
cell migration,3
cholesterol transport,3
chylomicron,3
endocrine pancreas development,3
glycolytic process,3
heterophilic cell-cell adhesion via plasma membrane cell adhesion molecules,3
high-density lipoprotein particle,3
high-density lipoprotein particle clearance,3
high-density lipoprotein particle remodeling,3
in utero embryonic development,3
lipoprotein particle binding,3
liver development,3
low-density lipoprotein particle remodeling,3
negative regulation of endothelial cell migration,3
high-density lipoprotein particle assembly,3
DNA binding,2
response to xenobiotic stimulus,2
positive regulation of canonical Wnt signaling pathway,2
heparan sulfate proteoglycan binding,2
extracellular matrix binding,2
camera-type eye morphogenesis,2
"DNA-binding transcription repressor activity, RNA polymerase II-specific",2
protein self-association,1
protease binding,1
positive regulation of DNA biosynthetic process,1
plasma membrane,1
osteoblast differentiation,1
extracellular exosome,1
R-SMAD binding,1
Golgi apparatus,1
voltage-gated monoatomic ion channel activity,1
