Differentially Expressed Gene	upstream_2500_score_900	upstream_2500_score_950	upstream_2500_score_990	upstream_5000_score_900	upstream_5000_score_950	upstream_5000_score_990	upstream_750_score_900	upstream_750_score_950	upstream_750_score_990
2310030g06rik	11	5	1	13	7	2	7	0	0
2810459m11rik	14	7	1	17	8	1	8	2	0
abca1	19	15	7	20	17	7	18	12	6
abcc5	18	12	2	19	14	3	18	12	1
abhd18	15	10	2	17	14	2	9	5	1
acly	16	10	0	17	11	3	10	7	0
acta1	13	8	1	14	8	1	10	6	0
actg1	12	8	0	14	8	0	11	7	0
actn2	17	11	2	20	12	3	15	7	1
adam33	17	9	1	18	10	1	11	6	1
adamts9	18	10	3	20	14	3	16	3	1
adgrg3	16	8	2	19	9	2	13	5	1
adnp	12	8	1	14	9	1	10	4	1
ado	16	6	0	17	7	0	13	6	0
akr1c19	12	5	0	15	10	1	6	2	0
aldh1a1	16	7	2	17	7	2	9	2	1
aldh1l1	17	9	5	19	14	5	16	7	4
alox12	8	2	0	15	5	1	5	0	0
amer1	10	3	1	11	3	1	3	0	0
amph	11	6	1	14	8	3	8	5	0
ankrd1	14	9	1	15	11	2	12	8	1
ano1	17	8	2	17	9	2	13	3	1
aoc1	15	9	2	16	11	2	14	6	1
aoc3	13	3	1	15	4	1	9	2	0
apoa1	11	5	0	11	5	0	11	5	0
apoa2	12	4	0	12	4	0	7	3	0
apob	18	14	2	18	14	2	16	10	2
apoe	11	5	0	12	6	0	11	5	0
apom	12	6	1	14	7	1	9	5	0
arhgap20	9	4	0	12	6	0	8	3	0
astn2	19	11	5	19	13	5	16	5	1
atcay	15	7	0	18	9	0	13	5	0
atf3	19	13	1	21	13	2	16	11	1
atp1a3	16	9	3	18	10	4	12	7	2
axin2	16	5	3	19	9	4	13	4	1
b4galt6	15	9	3	18	13	4	13	6	1
bgn	13	6	0	14	7	0	10	6	0
bhmt	16	10	0	17	12	0	9	5	0
bin2	18	11	1	18	11	1	11	6	0
blk	15	8	0	17	12	1	12	6	0
cacna1s	6	4	0	8	5	0	1	1	0
cadm3	17	6	2	19	6	2	14	3	0
calm4	7	1	0	10	1	0	6	0	0
car3	15	6	2	15	6	2	14	5	2
car4	9	2	0	11	5	1	2	0	0
car7	13	7	1	14	7	1	5	2	1
cbfa2t3	14	7	1	16	12	3	5	2	0
cbln1	7	3	1	12	4	1	5	1	1
ccdc63	17	7	1	22	12	1	14	3	0
ccn1	7	3	0	9	4	0	6	3	0
ccn2	12	6	0	12	6	0	8	2	0
cdc20	11	6	0	14	9	1	4	2	0
celsr1	16	9	3	17	11	4	14	8	1
ciart	8	5	0	12	6	0	5	3	0
clic6	17	12	2	19	15	2	15	9	0
col3a1	16	10	0	18	11	1	15	9	0
col5a1	15	6	0	18	9	1	10	4	0
col6a3	14	9	1	14	10	2	10	7	1
coro1a	17	7	2	19	9	2	16	6	2
cpn1	15	9	0	18	10	0	10	6	0
crb2	5	2	0	7	3	0	3	2	0
crct1	10	4	0	12	7	0	8	3	0
creb3l1	18	9	2	18	11	4	11	2	1
crebrf	13	6	1	17	8	2	8	3	1
ctcfl	13	4	0	15	6	0	6	2	0
cubn	18	12	1	19	12	2	14	8	1
cyp26b1	10	4	1	13	6	2	4	2	0
cyp27a1	15	6	1	18	8	1	9	1	0
cyp51	5	2	0	10	4	1	4	0	0
dchs2	10	3	0	12	5	0	5	1	0
ddt	9	3	1	12	5	1	7	2	1
dhcr24	17	6	2	18	11	2	12	5	1
dhcr7	17	7	1	20	8	4	12	6	1
dop1b	18	12	2	18	13	2	13	9	2
dusp8	14	4	1	17	5	2	7	3	1
edn1	11	3	2	14	4	2	8	1	0
efnb1	10	4	0	13	5	1	7	1	0
elf4	14	8	2	16	10	2	11	5	1
elovl5	20	13	4	21	15	5	20	12	2
elovl6	15	11	4	17	14	5	11	7	1
emcn	10	3	0	10	3	0	8	3	0
eml5	14	5	2	16	9	3	9	2	1
eno2	14	7	1	14	7	1	12	6	1
epha2	11	2	0	13	3	0	5	0	0
ephb1	18	13	3	18	13	7	15	7	0
ephb2	18	12	1	21	15	4	15	7	1
epn3	13	6	2	15	7	2	11	4	1
erv3	9	7	1	11	8	2	6	4	0
etv4	16	8	2	17	10	2	14	6	1
fabp4	11	5	2	14	7	2	9	4	1
fads2	20	8	1	20	9	2	15	8	0
fam20c	18	11	1	19	11	3	15	8	1
fam222a	13	6	0	15	9	1	9	2	0
fasn	13	9	1	15	9	1	11	8	1
fbxo32	15	5	0	17	7	0	10	4	0
fdft1	12	8	3	16	11	3	9	4	1
fdx1	17	9	1	17	10	2	13	5	0
fgfr2	24	20	12	24	21	16	22	17	6
fgfr4	10	4	0	11	5	1	5	2	0
fkbp14	14	6	0	15	9	0	7	3	0
flrt3	11	5	1	14	7	1	8	1	0
fosl2	16	7	3	16	9	3	13	4	1
foxa2	10	2	1	12	4	1	8	1	1
foxa3	11	6	2	14	8	2	3	2	1
frat1	6	5	0	11	7	0	5	4	0
frat2	9	5	1	11	7	2	5	3	1
fsd1l	13	5	1	15	9	2	8	2	1
fst	9	2	1	13	4	2	4	2	1
fyb2	13	4	0	14	6	1	7	2	0
fzd7	6	3	1	8	3	1	5	3	1
gadd45b	11	5	0	12	7	1	7	2	0
gal	8	2	0	11	5	0	2	1	0
galnt10	16	8	0	20	11	1	14	5	0
gata6	14	6	1	15	6	1	9	6	1
gfpt1	15	9	1	15	12	2	11	5	1
gipr	9	3	1	11	3	1	8	2	1
gnas	21	11	3	21	11	3	18	11	3
gramd1b	22	16	7	23	17	8	21	13	3
grip2	8	5	1	14	8	2	7	2	0
gstm1	13	6	0	15	7	0	7	2	0
gstt1	10	4	1	16	10	4	7	4	1
gulo	11	2	0	15	4	0	3	1	0
h1f0	9	7	1	10	7	1	8	5	1
h1f10	9	4	1	9	6	2	3	2	0
h2-q6	13	2	0	16	7	0	8	1	0
hbb-bs	11	5	0	13	6	0	6	2	0
hcn1	16	8	1	18	11	1	14	7	0
hcn4	6	4	0	7	5	0	3	2	0
hhex	10	3	0	10	4	0	6	2	0
hic1	10	3	1	10	4	1	7	3	1
hipk2	19	10	3	22	13	5	16	7	1
hkdc1	7	4	0	13	7	0	2	1	0
hmgcs1	17	6	1	17	10	4	10	2	0
hnf1a	17	10	1	17	10	1	15	7	0
hnf1b	17	9	2	18	11	2	16	6	2
hnf4a	14	8	1	17	11	3	12	5	1
hnrnpa0	9	2	0	13	5	1	7	1	0
hoxb4	11	6	1	11	7	1	11	5	0
hoxb5	11	3	0	11	3	0	6	2	0
hoxd1	9	2	0	11	6	2	5	1	0
hspb8	11	5	1	15	9	1	6	3	1
ier3	11	5	0	13	6	1	3	1	0
igf2	16	8	1	16	8	1	16	8	1
il1r1	17	6	0	19	9	0	12	3	0
il1r2	13	8	2	16	11	3	9	4	1
insig1	10	4	0	15	4	0	4	2	0
irf2bp1	13	7	1	13	8	1	10	5	0
isg20	11	6	2	12	7	3	10	5	1
itga1	18	11	1	19	13	2	12	4	0
itih5	11	5	1	12	7	1	6	3	1
jun	9	6	0	13	9	2	9	6	0
kcnd3	18	11	2	19	13	3	10	4	1
kcng1	10	5	0	12	8	0	4	2	0
kcnj2	16	6	0	17	7	0	9	4	0
kcnj6	19	13	4	22	15	4	17	9	3
kctd9	13	5	0	15	10	3	8	5	0
kif12	3	0	0	9	2	0	0	0	0
klb	6	1	0	10	3	0	2	1	0
krt19	13	2	1	13	4	1	13	2	1
lacc1	15	6	0	15	7	1	13	5	0
lama1	13	4	0	16	6	1	4	1	0
lamc1	13	5	1	17	11	2	13	4	0
ldlr	13	7	0	17	8	1	12	4	0
lgals1	10	5	1	11	6	1	9	5	1
lhx3	9	3	0	12	7	0	6	3	0
lims2	21	9	1	21	11	1	15	5	0
lipo3	13	6	0	16	10	0	10	3	0
lmcd1	11	3	0	15	11	2	10	3	0
lpl	16	10	1	16	11	2	16	9	0
lratd1	12	6	1	15	7	1	8	2	0
lrrc3	12	8	2	12	9	2	8	3	1
lrrfip1	18	14	1	19	15	3	15	12	1
lyz2	13	3	0	13	3	0	12	2	0
mab21l2	11	4	0	12	4	0	7	3	0
maff	10	3	0	17	9	3	7	3	0
maob	8	4	1	9	4	1	5	2	1
map1a	16	8	1	18	8	2	16	5	1
map1b	19	12	3	20	13	3	17	11	3
maz	13	5	0	15	9	2	8	4	0
mbnl2	22	14	4	22	15	4	17	10	2
mdk	12	7	1	12	7	1	12	6	1
medag	11	5	0	17	9	0	8	2	0
mllt11	15	8	3	17	10	3	13	5	2
mlph	5	1	0	12	4	0	2	1	0
mttp	19	12	1	19	14	1	17	10	1
mvb12b	16	7	3	18	11	3	9	5	1
mvk	13	6	0	16	10	1	6	3	0
mycbpap	16	8	1	19	9	1	14	6	1
myh11	19	12	3	20	14	6	15	11	1
myh7b	17	6	0	18	8	1	12	5	0
nacc2	19	10	1	19	11	1	11	6	0
nectin1	14	6	1	17	11	3	9	4	1
nell1	16	11	1	17	13	3	12	4	0
nfkbiz	18	7	2	18	10	2	12	5	2
nkd1	12	10	1	15	10	2	8	5	0
nlrc3	11	7	1	14	9	1	7	4	1
nmrk2	7	4	0	7	4	0	4	4	0
noct	16	11	1	16	12	1	16	8	1
npas4	7	3	3	10	6	3	4	2	2
nppb	8	2	0	13	7	0	4	2	0
nptx2	15	8	0	17	9	0	8	4	0
nr2f1	11	5	1	12	6	1	11	5	1
nr2f2	14	7	1	17	8	1	11	4	1
nr2f6	11	4	1	13	5	1	9	3	1
nr4a1	18	8	2	18	8	2	15	7	2
nr5a2	15	8	0	17	11	2	12	4	0
nrg1	18	13	3	20	15	6	17	11	1
nsdhl	11	7	1	16	12	3	9	5	0
onecut2	16	8	1	16	9	4	9	2	0
onecut3	11	3	1	14	5	1	3	1	0
paqr9	12	7	0	12	7	0	8	5	0
pcgf5	16	7	2	17	8	3	9	2	0
pcsk9	10	5	0	13	5	0	6	2	0
pcyox1	14	5	1	14	5	1	9	2	0
pde9a	13	4	1	17	7	3	8	3	1
pdgfb	14	4	0	15	6	1	8	4	0
pdp2	13	5	1	14	7	1	9	4	0
pf4	11	4	1	11	4	1	11	4	1
pfkfb2	16	6	0	17	6	0	14	4	0
pip4k2b	15	5	2	15	10	4	10	3	0
plcd3	12	5	0	14	7	0	8	3	0
plk1	12	5	2	13	5	2	5	2	1
ppp1r3c	10	2	0	12	5	0	4	0	0
ppp2r2c	13	7	1	17	10	1	11	4	0
ppp4r4	15	10	2	16	11	2	10	6	1
prkag3	14	5	1	16	5	1	10	4	0
prl8a2	12	6	1	15	10	2	7	3	0
prr12	12	5	1	15	6	1	10	4	1
prr9	9	3	0	11	4	0	4	2	0
prrt4	7	2	0	8	2	0	4	1	0
psca	14	7	1	14	7	1	9	6	1
psd	14	9	1	15	12	2	8	7	1
ptprb	20	14	1	22	16	6	18	9	0
rasl11b	10	2	0	13	3	0	5	1	0
rbfox2	19	10	1	20	14	4	16	5	0
reln	12	6	1	16	8	1	9	4	1
retreg1	16	10	3	19	13	3	15	7	1
rgcc	12	8	2	16	9	2	6	1	0
rgs16	6	3	0	9	4	0	3	0	0
rims2	18	13	2	19	13	3	16	9	1
rnf207	13	4	0	15	7	1	10	3	0
robo1	19	12	5	21	13	6	16	8	1
robo2	18	8	0	19	12	0	16	6	0
rora	23	15	8	23	16	8	20	14	4
rrs1	12	6	0	14	8	1	6	3	0
rsad2	17	10	1	17	11	1	16	8	0
rxfp1	6	2	0	12	5	0	3	2	0
ryr2	21	16	3	23	17	7	21	12	2
s100a1	13	4	0	14	5	0	12	3	0
samd5	11	4	1	14	7	2	5	1	1
sat1	13	6	1	17	8	1	11	6	1
scd2	16	9	3	17	9	3	15	6	2
sct	10	4	0	14	6	0	3	1	0
sec14l4	14	5	1	15	7	1	6	2	1
serpinb6b	10	6	1	15	7	2	8	5	0
serpinb9c	10	3	0	13	4	0	7	1	0
setd1b	18	9	1	18	11	2	17	7	0
sfrp1	13	7	1	16	7	2	12	7	0
sfrp4	7	2	1	11	5	2	5	1	0
sfrp5	8	2	0	12	3	0	3	1	0
shisa2	13	4	0	15	5	0	6	2	0
slc35a3	9	4	0	11	5	0	7	1	0
slit3	18	8	3	20	9	4	10	4	0
slitrk4	8	2	0	12	3	0	7	1	0
smad6	16	9	2	16	9	3	10	5	0
snai3	8	3	0	13	8	1	7	3	0
sox4	9	4	1	13	6	1	9	3	0
spats2l	15	8	1	16	9	2	10	6	1
spp1	14	7	1	15	7	1	13	7	1
sprr2h	11	2	1	13	3	1	5	0	0
sqle	11	4	0	13	4	1	4	1	0
srebf2	18	10	2	19	14	2	17	10	1
sspn	12	8	1	16	10	2	7	3	1
stac2	17	9	1	17	10	1	10	8	1
stat6	15	9	1	19	10	1	10	6	0
stc1	10	7	2	13	8	2	8	4	1
stmn4	12	6	1	16	9	1	4	3	1
svep1	10	1	0	12	2	0	8	0	0
synpo	18	12	3	20	13	3	15	8	2
sytl4	12	5	0	14	7	0	9	5	0
tagln2	16	9	3	16	9	3	13	8	2
tbx2	8	3	0	13	7	0	5	1	0
tbx3	15	4	1	15	7	2	14	4	0
tdrd7	16	10	0	20	13	1	14	8	0
tecrl	6	2	1	7	4	1	4	1	0
tenm4	20	15	3	23	16	5	18	10	1
tfpi	14	8	0	16	9	1	11	5	0
timp3	19	9	3	20	12	4	17	7	3
tm4sf1	10	6	0	12	7	1	6	2	0
tm7sf2	8	3	0	14	8	0	3	2	0
tmem158	10	4	0	13	6	0	2	0	0
tmem71	12	4	0	13	6	1	8	2	0
tmsb4x	12	4	1	12	4	1	9	4	1
tnc	18	12	2	19	14	2	13	8	2
tnfrsf12a	12	7	0	12	7	0	12	6	0
tnfrsf9	19	13	5	19	14	5	15	11	3
ttl	8	3	1	13	5	1	2	1	1
ttyh3	16	7	0	18	8	2	11	6	0
tuft1	9	2	1	10	3	1	5	1	0
ulbp1	13	3	1	14	6	1	8	2	0
usp13	16	6	2	18	8	2	12	4	1
vegfa	15	8	1	15	9	1	12	7	1
vtn	12	4	1	15	7	1	11	4	1
vwf	16	11	2	17	13	2	12	5	1
wdr54	14	4	0	15	6	1	8	2	0
wnt2	5	1	0	10	3	0	2	1	0
wnt4	13	5	0	17	11	1	4	2	0
wsb1	17	8	1	19	10	1	13	3	0
xdh	17	11	3	18	12	4	16	8	1
zbtb12	14	6	1	17	9	1	11	5	1
zfp280b	13	7	0	13	7	0	9	5	0
zfp983	12	4	1	13	6	1	7	3	1
