Target,TF
2810459m11rik,"jun, nfic"
abca1,"max, nr2f2, maz, stat6, nr4a1, jun, nfic, hic1, sox4, tcf7l2, esrra, hmbox1"
abcc5,"max, nr2f2, maz, stat6, nr4a1, jun, nfic, gata6, hic1, sox4, hmbox1, smad5"
abhd18,"max, nr2f2, elk4, nr4a1, nrf1"
acly,"max, maz, nr4a1, nfic, gata6, sox4, hmbox1"
acta1,"nr2f2, maz, nr4a1, hic1, sox4, tcf7l2"
actg1,"max, nr2f2, maz, nfic, hic1, sox4, esrra"
actn2,"max, nr2f2, maz, nr4a1, nfic, sox4, hmbox1"
adam33,"max, maz, nfic, sox4, esrra, nr6a1"
adamts9,"max, maz, nfic"
adgrg3,"max, maz, hic1, sox4, hmbox1"
adnp,"max, maz, sox4, tcf7l2"
ado,"nr2f2, maz, nfic, hic1, nrf1, esrra"
akr1c19,"maz, sox4"
aldh1a1,"jun, sox4"
aldh1l1,"nr2f2, maz, nr4a1, nfic, gata6, hic1, sox4"
amph,"nr2f2, maz, nr4a1, tcf7l2, hmbox1"
ankrd1,"nr2f2, maz, stat6, elk4, nr4a1, nfic, sox4, esrra"
ano1,"maz, sox4, esrra"
aoc1,"max, maz, jun, nfic, hic1, sox4"
aoc3,"maz, nfic"
apoa1,"nr2f2, stat6, nr4a1, nfic, hic1"
apoa2,"nr2f2, maz, nr4a1"
apob,"max, nr2f2, maz, stat6, nr4a1, jun, nfic, hic1, sox4, tcf7l2"
apoe,"maz, gata6, hic1, sox4, hmbox1"
apom,"nr2f2, maz, elk4, sox4, nrf1"
arhgap20,"maz, nfic, hic1"
astn2,"maz, rora, jun, nfic, sox4"
atcay,"maz, jun, nfic, hic1, sox4"
atf3,"max, nr2f2, maz, nr4a1, nfic, gata6, hic1, sox4, esrra, nr2f6, hmbox1"
atp1a3,"max, nr2f2, maz, elk4, nfic, hic1, sox4"
axin2,"maz, nfic, gata6, tcf7l2"
b4galt6,"nr2f2, nr4a1, nfic, hic1, sox4, tcf7l2"
bgn,"nr2f2, maz, nr4a1, jun, hic1, sox4"
bhmt,"nr2f2, nr4a1, nfic, gata6, esrra"
bin2,"max, maz, jun, nfic, hic1, sox4"
blk,"nr2f2, maz, stat6, nr4a1, nfic, hic1"
cacna1s,hic1
cadm3,"maz, hic1, sox4"
car3,"max, maz, hic1, sox4, tcf7l2"
car7,"maz, sox4"
cbfa2t3,"maz, sox4"
cbln1,maz
ccdc63,"maz, nfic, hic1"
ccn1,"maz, nfic, sox4"
ccn2,"gata6, sox4"
cdc20,"nr2f2, nr4a1"
celsr1,"max, nr2f2, maz, nr4a1, nfic, hic1, sox4, hmbox1"
ciart,"max, maz, hic1"
clic6,"max, maz, stat6, elk4, jun, nfic, sox4, nrf1, tcf7l2"
col3a1,"nr2f2, maz, nr4a1, jun, nfic, gata6, hic1, sox4, hmbox1"
col5a1,"elk4, jun, nfic, sox4"
col6a3,"nr2f2, maz, elk4, nr4a1, hic1, sox4, tcf7l2"
coro1a,"max, maz, rora, nfic, hic1, esrra"
cpn1,"nr2f2, maz, elk4, nr4a1, jun, hic1"
crb2,"max, maz"
crct1,"nr2f2, nr4a1, nfic"
creb3l1,"maz, nfic"
crebrf,"maz, gata6, sox4"
ctcfl,"nfic, sox4"
cubn,"max, nr2f2, maz, nr4a1, jun, sox4, nrf1, hmbox1"
cyp26b1,"maz, hmbox1"
cyp27a1,maz
dchs2,maz
ddt,"max, maz"
dhcr24,"max, maz, nfic, gata6, hic1"
dhcr7,"max, nr2f2, maz, hic1, sox4, esrra"
dop1b,"max, maz, elk4, jun, nfic, hic1, sox4, tcf7l2, hmbox1"
dusp8,"max, hic1, sox4"
edn1,nfic
efnb1,maz
elf4,"maz, stat6, elk4, jun, hic1"
elovl5,"mef2a, max, nr2f2, maz, stat6, nr4a1, jun, nfic, sox4, tcf7l2, esrra, hmbox1"
elovl6,"max, nr2f2, maz, stat6, nfic, hic1, sox4"
emcn,"nr2f2, maz, nr4a1"
eml5,"maz, sox4"
eno2,"maz, elk4, nr4a1, nfic, hic1, esrra"
ephb1,"stat6, jun, nfic, hic1, sox4, nrf1, hmbox1"
ephb2,"max, maz, nfic, hic1, sox4, tcf7l2, pbx3"
epn3,"nfic, hic1, sox4, esrra"
erv3,"nr2f2, nfic, hic1, sox4"
etv4,"max, nr2f2, maz, elk4, nfic, sox4"
fabp4,"nr2f2, nr4a1, jun, sox4"
fads2,"nr2f2, maz, nr4a1, jun, nfic, hic1, sox4, tcf7l2"
fam20c,"max, maz, jun, nfic, hic1, sox4, esrra, nr6a1"
fam222a,"maz, nfic"
fasn,"max, nr2f2, maz, stat6, nr4a1, nfic, hic1, sox4"
fbxo32,"max, jun, nfic, sox4"
fdft1,"max, maz, sox4, hmbox1"
fdx1,"max, stat6, nfic, gata6, sox4"
fgfr2,"max, nr2f2, maz, rora, stat6, elk4, nr4a1, jun, nfic, gata6, hic1, sox4, nrf1, tcf7l2, esrra, pknox2, hmbox1"
fgfr4,"maz, hic1"
fkbp14,"maz, nfic, nrf1"
flrt3,nfic
fosl2,"maz, jun, nfic, sox4"
foxa2,maz
foxa3,"maz, elk4"
frat1,"max, maz, nfic, sox4"
frat2,"maz, jun, sox4"
fsd1l,"nr2f2, nr4a1"
fst,"max, maz"
fyb2,"hic1, hmbox1"
fzd7,"max, maz, sox4"
gadd45b,"maz, sox4"
gal,nfic
galnt10,"nr2f2, maz, nfic, hic1, esrra"
gata6,"nr2f2, maz, nr4a1, nfic, hic1, sox4"
gfpt1,"nr2f2, nr4a1, nfic, gata6, nrf1"
gipr,"maz, hic1"
gnas,"mef2a, max, nr2f2, maz, elk4, nr4a1, jun, nfic, hic1, sox4, hmbox1"
gramd1b,"max, nr2f2, maz, rora, elk4, nr4a1, jun, nfic, gata6, hic1, sox4, hmbox1, pbx3"
grip2,"nr2f2, maz"
gstm1,"max, hic1"
gstt1,"maz, elk4, nr4a1, tcf7l2"
gulo,sox4
h1f0,"maz, stat6, nfic, sox4, hmbox1"
h1f10,"maz, jun"
h2-q6,nfic
hbb-bs,"maz, sox4"
hcn1,"max, nr2f2, maz, nfic, hic1, sox4, hmbox1"
hcn4,"maz, sox4"
hhex,"max, hic1"
hic1,"maz, nfic, esrra"
hipk2,"nr2f2, maz, nr4a1, nfic, gata6, hic1, sox4"
hkdc1,hmbox1
hmgcs1,"maz, sox4"
hnf1a,"max, nr2f2, maz, nfic, hic1, sox4, esrra"
hnf1b,"max, nr2f2, maz, nr4a1, nfic, sox4"
hnf4a,"max, maz, nfic, hic1, esrra"
hnrnpa0,maz
hoxb4,"max, nr2f2, maz, sox4, esrra"
hoxb5,"max, maz"
hoxd1,max
hspb8,"nr2f2, maz, nr4a1"
ier3,tcf7l2
igf2,"max, maz, elk4, nfic, hic1, sox4, tcf7l2, hmbox1"
il1r1,"maz, hic1, sox4"
il1r2,"maz, jun, hic1, sox4"
insig1,"max, sox4"
irf2bp1,"max, maz, elk4, nrf1, hmbox1"
isg20,"maz, stat6, jun, nfic, sox4"
itga1,"maz, nfic, sox4, nrf1"
itih5,"maz, elk4, hic1"
jun,"nr2f2, maz, elk4, nfic, hic1, esrra"
kcnd3,"maz, nfic, hic1, sox4"
kcng1,"max, maz"
kcnj2,"maz, stat6, nfic, sox4"
kcnj6,"max, nr2f2, maz, stat6, nr4a1, jun, hic1, sox4, hmbox1"
kctd9,"max, maz, nfic, hic1, sox4"
klb,mef2a
krt19,"maz, hic1"
lacc1,"max, maz, nfic, hic1, sox4"
lama1,sox4
lamc1,"maz, nfic, gata6, sox4"
ldlr,"max, nr2f2, maz, nfic"
lgals1,"max, maz, nr4a1, jun, sox4"
lhx3,"nr2f2, maz, nr4a1"
lims2,"maz, jun, hic1, sox4, esrra"
lipo3,"max, nr2f2, nr4a1"
lmcd1,"maz, nfic, sox4"
lpl,"max, nr2f2, maz, nr4a1, jun, nfic, hic1, sox4, hmbox1"
lratd1,"hic1, sox4"
lrrc3,"max, maz, hmbox1"
lrrfip1,"max, nr2f2, maz, elk4, nr4a1, jun, nfic, gata6, hic1, sox4, hmbox1, smad5"
lyz2,"nr2f2, hic1"
mab21l2,"maz, nfic, sox4"
maff,"max, maz, sox4"
maob,"nr2f2, nr4a1"
map1a,"max, maz, nfic, sox4, nr2f6"
map1b,"mef2a, max, nr2f2, maz, nr4a1, jun, nfic, hic1, sox4, tcf7l2, esrra"
maz,"max, maz, hic1, tcf7l2"
mbnl2,"max, nr2f2, maz, jun, nfic, hic1, sox4, tcf7l2, esrra, hmbox1"
mdk,"nr2f2, maz, nr4a1, nfic, hic1, sox4"
medag,"max, nfic"
mllt11,"max, nr2f2, maz, gata6, sox4"
mlph,max
mttp,"max, nr2f2, maz, rora, elk4, nr4a1, nfic, hic1, sox4, esrra"
mvb12b,"max, maz, nfic, sox4, hmbox1"
mvk,"maz, elk4, nfic"
mycbpap,"max, nr2f2, nr4a1, hic1, sox4, esrra"
myh11,"max, nr2f2, maz, stat6, jun, nfic, hic1, sox4, tcf7l2, esrra, hmbox1"
myh7b,"max, nr2f2, nr4a1, hic1, esrra"
nacc2,"max, maz, jun, nfic, hic1, sox4"
nectin1,"maz, nfic, hic1, sox4"
nell1,"maz, gata6, sox4, tcf7l2"
nfkbiz,"max, maz, nfic, hic1, sox4"
nkd1,"max, maz, nfic, hic1, hmbox1"
nlrc3,"maz, jun, sox4, hmbox1"
nmrk2,"maz, nfic, hic1, sox4"
noct,"maz, stat6, jun, nfic, gata6, sox4, esrra, hmbox1"
npas4,"maz, sox4"
nppb,"elk4, jun"
nptx2,"max, maz, elk4, sox4"
nr2f1,"maz, jun, nfic, hic1, sox4"
nr2f2,"max, maz, hic1, smad5"
nr2f6,"nr2f2, maz, nr4a1"
nr4a1,"nr2f2, maz, elk4, nr4a1, nfic, hic1, sox4"
nr5a2,"maz, nfic, sox4, tcf7l2"
nrg1,"max, nr2f2, maz, stat6, nr4a1, jun, nfic, sox4, tcf7l2, esrra, hmbox1"
nsdhl,"maz, stat6, nfic, sox4, tcf7l2"
onecut2,"maz, sox4"
onecut3,esrra
paqr9,"max, hic1, sox4, nrf1, hmbox1"
pcgf5,"nfic, sox4"
pcsk9,"max, hic1"
pcyox1,"max, maz"
pde9a,"maz, nfic, sox4"
pdgfb,"max, maz, nr4a1, nfic"
pdp2,"max, maz, nfic, sox4"
pf4,"nr4a1, jun, nfic, sox4"
pfkfb2,"max, maz, nfic, hic1"
pip4k2b,"max, maz, nfic"
plcd3,"maz, nfic, hic1"
plk1,"maz, jun"
ppp2r2c,"nr2f2, maz, nr4a1, nfic"
ppp4r4,"nr2f2, maz, nr4a1, jun, sox4, tcf7l2"
prkag3,"max, nfic, hic1, sox4"
prl8a2,"nfic, hic1, tcf7l2"
prr12,"max, maz, hic1, sox4"
prr9,"max, gata6"
prrt4,sox4
psca,"max, nr2f2, maz, nr4a1, nfic, hic1"
psd,"maz, stat6, elk4, gata6, hic1, sox4, nrf1"
ptprb,"max, nr2f2, maz, stat6, nr4a1, nfic, gata6, hic1, sox4"
rasl11b,sox4
rbfox2,"max, maz, sox4, nrf1, hmbox1"
reln,"max, maz, rreb1, jun"
retreg1,"maz, elk4, nfic, hic1, sox4, esrra, hmbox1"
rgcc,sox4
rims2,"max, maz, stat6, jun, nfic, hic1, sox4, tcf7l2, hmbox1"
rnf207,"mef2a, hic1, sox4"
robo1,"max, maz, nr4a1, jun, nfic, sox4, tcf7l2, smad5"
robo2,"nr2f2, maz, stat6, nr4a1, nfic, sox4"
rora,"max, nr2f2, maz, elk4, nr4a1, jun, nfic, gata6, hic1, sox4, tcf7l2, pknox2, hmbox1, smad5"
rrs1,"max, elk4, sox4"
rsad2,"mef2a, nr2f2, maz, nr4a1, hic1, sox4, esrra, hmbox1"
rxfp1,"maz, hic1"
ryr2,"nr2f2, maz, stat6, rreb1, nr4a1, jun, nfic, gata6, hic1, sox4, esrra, hmbox1"
s100a1,"nr2f2, maz, hic1"
samd5,maz
sat1,"nr2f2, maz, nr4a1, nfic, hic1, sox4"
scd2,"maz, stat6, elk4, jun, nfic, sox4"
sct,maz
sec14l4,"maz, nfic"
serpinb6b,"nr2f2, maz, elk4, nr4a1, sox4"
serpinb9c,nfic
setd1b,"maz, rora, nfic, hic1, sox4, nr2f6, smad5"
sfrp1,"maz, stat6, nfic, hic1, sox4, nrf1, hmbox1"
sfrp4,nfic
sfrp5,nfic
shisa2,"maz, nfic"
slc35a3,maz
slit3,"maz, hic1, sox4, tcf7l2"
slitrk4,nfic
smad6,"mef2a, maz, sox4, esrra, smad5"
snai3,"maz, nfic, hic1"
sox4,"maz, nfic, hic1"
spats2l,"nr2f2, maz, nr4a1, jun, sox4, tcf7l2"
spp1,"nr2f2, nr4a1, nfic, sox4, tcf7l2, esrra, hmbox1"
sqle,sox4
srebf2,"max, nr2f2, maz, elk4, nr4a1, nfic, gata6, hic1, sox4, hmbox1"
sspn,"maz, hic1, sox4"
stac2,"nr2f2, maz, jun, nfic, hic1, sox4, esrra, nr6a1"
stat6,"max, nr2f2, maz, nr4a1, nfic, hic1"
stc1,"nr2f2, maz, nr4a1, esrra"
stmn4,"maz, nfic, sox4"
synpo,"nr2f2, maz, nr4a1, nfic, hic1, sox4, esrra, hmbox1"
sytl4,"maz, nr4a1, nfic, sox4, hmbox1"
tagln2,"max, nr2f2, maz, elk4, nr4a1, jun, nfic, sox4"
tbx2,maz
tbx3,"max, maz, nfic, sox4"
tdrd7,"nr2f2, maz, nfic, gata6, hic1, sox4, nrf1, nr2f6"
tecrl,sox4
tenm4,"max, nr2f2, maz, jun, nfic, gata6, hic1, sox4, tcf7l2, hmbox1"
tfpi,"nr2f2, nr4a1, nfic, hic1, sox4"
timp3,"max, nr2f2, maz, elk4, jun, nfic, sox4"
tm4sf1,"jun, sox4"
tm7sf2,"elk4, sox4"
tmem71,"nr4a1, sox4"
tmsb4x,"maz, jun, nfic, sox4"
tnc,"nr2f2, stat6, elk4, nr4a1, hic1, sox4, esrra, nr6a1"
tnfrsf12a,"maz, jun, nfic, hic1, sox4, hmbox1"
tnfrsf9,"max, nr2f2, maz, elk4, nr4a1, jun, nfic, hic1, sox4, esrra, hmbox1"
ttl,sox4
ttyh3,"max, nr2f2, maz, nr4a1, nfic, sox4"
tuft1,nfic
ulbp1,"elk4, nfic"
usp13,"maz, jun, nfic, sox4"
vegfa,"max, nr2f2, maz, nr4a1, nfic, hic1, sox4"
vtn,"maz, nfic, hic1, sox4"
vwf,"maz, jun, nfic, hic1, sox4"
wdr54,"jun, tcf7l2"
wnt2,maz
wnt4,"max, maz"
wsb1,"stat6, nfic, sox4"
xdh,"nr2f2, maz, stat6, elk4, nr4a1, jun, nfic, gata6"
zbtb12,"nr2f2, maz, nfic, gata6, nrf1"
zfp280b,"maz, nfic, gata6, hic1, esrra"
zfp983,"maz, jun, nfic"
