TF,Target
mef2a,rsad2
mef2a,klb
mef2a,elovl5
mef2a,smad6
mef2a,map1b
mef2a,rnf207
mef2a,gnas
max,pdgfb
max,ddt
max,gstm1
max,hcn1
max,acly
max,lpl
max,celsr1
max,etv4
max,pip4k2b
max,tbx3
max,timp3
max,hnf1b
max,fst
max,fbxo32
max,srebf2
max,psca
max,clic6
max,vegfa
max,lipo3
max,hhex
max,fam20c
max,mlph
max,atf3
max,nacc2
max,car3
max,mttp
max,abca1
max,hnf1a
max,aoc1
max,pcyox1
max,nr2f2
max,maz
max,coro1a
max,nkd1
max,fdx1
max,ldlr
max,rora
max,elovl5
max,nfkbiz
max,ciart
max,apob
max,dusp8
max,mycbpap
max,mvb12b
max,ttyh3
max,rims2
max,dop1b
max,gramd1b
max,wnt4
max,hoxd1
max,dhcr24
max,rbfox2
max,hoxb4
max,hoxb5
max,pcsk9
max,crb2
max,pfkfb2
max,adgrg3
max,adam33
max,irf2bp1
max,fdft1
max,fasn
max,prr12
max,lrrc3
max,adnp
max,insig1
max,ephb2
max,pdp2
max,actg1
max,reln
max,lacc1
max,actn2
max,map1b
max,mllt11
max,lrrfip1
max,prr9
max,elovl6
max,nptx2
max,rrs1
max,dhcr7
max,abcc5
max,kctd9
max,paqr9
max,gnas
max,atp1a3
max,prkag3
max,frat1
max,mbnl2
max,lgals1
max,myh11
max,cubn
max,stat6
max,ptprb
max,myh7b
max,medag
max,map1a
max,kcnj6
max,maff
max,igf2
max,tenm4
max,abhd18
max,kcng1
max,tagln2
max,adamts9
max,fzd7
max,fgfr2
max,tnfrsf9
max,hnf4a
max,bin2
max,nrg1
max,robo1
nr2f2,nr2f6
nr2f2,amph
nr2f2,apoa2
nr2f2,cdc20
nr2f2,hcn1
nr2f2,blk
nr2f2,stc1
nr2f2,lpl
nr2f2,celsr1
nr2f2,serpinb6b
nr2f2,stac2
nr2f2,etv4
nr2f2,timp3
nr2f2,rsad2
nr2f2,hnf1b
nr2f2,ppp4r4
nr2f2,ryr2
nr2f2,srebf2
nr2f2,psca
nr2f2,nr4a1
nr2f2,vegfa
nr2f2,xdh
nr2f2,apom
nr2f2,fads2
nr2f2,lipo3
nr2f2,ankrd1
nr2f2,cpn1
nr2f2,sat1
nr2f2,atf3
nr2f2,lhx3
nr2f2,tfpi
nr2f2,mdk
nr2f2,fabp4
nr2f2,crct1
nr2f2,mttp
nr2f2,abca1
nr2f2,tnc
nr2f2,ppp2r2c
nr2f2,spp1
nr2f2,hnf1a
nr2f2,gfpt1
nr2f2,aldh1l1
nr2f2,bgn
nr2f2,acta1
nr2f2,apoa1
nr2f2,ldlr
nr2f2,rora
nr2f2,elovl5
nr2f2,hspb8
nr2f2,apob
nr2f2,mycbpap
nr2f2,maob
nr2f2,erv3
nr2f2,ttyh3
nr2f2,gramd1b
nr2f2,gata6
nr2f2,hoxb4
nr2f2,zbtb12
nr2f2,fasn
nr2f2,col6a3
nr2f2,s100a1
nr2f2,actg1
nr2f2,actn2
nr2f2,map1b
nr2f2,galnt10
nr2f2,lrrfip1
nr2f2,b4galt6
nr2f2,elovl6
nr2f2,dhcr7
nr2f2,ado
nr2f2,abcc5
nr2f2,gnas
nr2f2,atp1a3
nr2f2,col3a1
nr2f2,mbnl2
nr2f2,myh11
nr2f2,cubn
nr2f2,stat6
nr2f2,lyz2
nr2f2,ptprb
nr2f2,myh7b
nr2f2,kcnj6
nr2f2,synpo
nr2f2,bhmt
nr2f2,tdrd7
nr2f2,jun
nr2f2,tenm4
nr2f2,fsd1l
nr2f2,abhd18
nr2f2,tagln2
nr2f2,fgfr2
nr2f2,robo2
nr2f2,emcn
nr2f2,tnfrsf9
nr2f2,hipk2
nr2f2,grip2
nr2f2,spats2l
nr2f2,mllt11
nr2f2,nrg1
maz,igf2
maz,tbx2
maz,pdgfb
maz,gstt1
maz,ddt
maz,nr2f6
maz,apoe
maz,amph
maz,eno2
maz,nmrk2
maz,fgfr4
maz,cadm3
maz,apoa2
maz,cbfa2t3
maz,snai3
maz,hcn1
maz,acly
maz,krt19
maz,hnrnpa0
maz,wnt2
maz,blk
maz,stc1
maz,gadd45b
maz,lpl
maz,celsr1
maz,serpinb6b
maz,aoc3
maz,vtn
maz,stac2
maz,etv4
maz,hnf4a
maz,pip4k2b
maz,tbx3
maz,sec14l4
maz,timp3
maz,rsad2
maz,hnf1b
maz,ppp4r4
maz,ryr2
maz,fst
maz,retreg1
maz,srebf2
maz,psca
maz,robo1
maz,clic6
maz,nr4a1
maz,noct
maz,hbb-bs
maz,tnfrsf12a
maz,vegfa
maz,xdh
maz,apom
maz,lims2
maz,fads2
maz,ankrd1
maz,cpn1
maz,scd2
maz,sat1
maz,itih5
maz,fam20c
maz,il1r1
maz,il1r2
maz,cyp27a1
maz,nr5a2
maz,lamc1
maz,atf3
maz,nacc2
maz,lhx3
maz,creb3l1
maz,mdk
maz,car3
maz,slc35a3
maz,mttp
maz,ccn1
maz,abca1
maz,tnfrsf9
maz,ppp2r2c
maz,fosl2
maz,hnf1a
maz,aoc1
maz,pcyox1
maz,aldh1l1
maz,lmcd1
maz,sspn
maz,nr2f2
maz,maz
maz,coro1a
maz,plk1
maz,ano1
maz,elf4
maz,sytl4
maz,nsdhl
maz,bgn
maz,sfrp1
maz,cbln1
maz,nkd1
maz,acta1
maz,nectin1
maz,ldlr
maz,rora
maz,hcn4
maz,elovl5
maz,foxa3
maz,nfkbiz
maz,ciart
maz,hspb8
maz,apob
maz,isg20
maz,smad6
maz,psd
maz,mvb12b
maz,ttyh3
maz,rims2
maz,kcnj2
maz,fam222a
maz,mvk
maz,dop1b
maz,gramd1b
maz,wnt4
maz,sct
maz,fkbp14
maz,pde9a
maz,foxa2
maz,atcay
maz,gata6
maz,dhcr24
maz,rbfox2
maz,hoxb4
maz,hoxb5
maz,crb2
maz,pfkfb2
maz,adgrg3
maz,adam33
maz,zbtb12
maz,efnb1
maz,axin2
maz,irf2bp1
maz,shisa2
maz,fdft1
maz,hic1
maz,fasn
maz,car7
maz,setd1b
maz,npas4
maz,h1f10
maz,col6a3
maz,prr12
maz,lrrc3
maz,adnp
maz,ccdc63
maz,frat2
maz,ephb2
maz,pdp2
maz,s100a1
maz,zfp280b
maz,itga1
maz,actg1
maz,reln
maz,crebrf
maz,lacc1
maz,actn2
maz,map1b
maz,mllt11
maz,arhgap20
maz,eml5
maz,galnt10
maz,sox4
maz,lrrfip1
maz,astn2
maz,slit3
maz,elovl6
maz,nptx2
maz,usp13
maz,dhcr7
maz,nrg1
maz,stmn4
maz,ado
maz,mab21l2
maz,cyp26b1
maz,abcc5
maz,kctd9
maz,rxfp1
maz,kcnd3
maz,gnas
maz,atp1a3
maz,akr1c19
maz,nell1
maz,frat1
maz,col3a1
maz,mbnl2
maz,lgals1
maz,myh11
maz,cubn
maz,nr2f1
maz,stat6
maz,ptprb
maz,map1a
maz,gipr
maz,kcnj6
maz,nlrc3
maz,maff
maz,synpo
maz,samd5
maz,vwf
maz,tdrd7
maz,plcd3
maz,jun
maz,tenm4
maz,kcng1
maz,tagln2
maz,tmsb4x
maz,adamts9
maz,fzd7
maz,fgfr2
maz,robo2
maz,emcn
maz,hipk2
maz,grip2
maz,spats2l
maz,onecut2
maz,hmgcs1
maz,h1f0
maz,bin2
maz,dchs2
maz,zfp983
rora,mttp
rora,coro1a
rora,gramd1b
rora,setd1b
rora,astn2
rora,fgfr2
stat6,blk
stat6,wsb1
stat6,ryr2
stat6,clic6
stat6,noct
stat6,xdh
stat6,ankrd1
stat6,scd2
stat6,abca1
stat6,tnc
stat6,elf4
stat6,nsdhl
stat6,sfrp1
stat6,fdx1
stat6,apoa1
stat6,elovl5
stat6,ephb1
stat6,apob
stat6,isg20
stat6,psd
stat6,rims2
stat6,kcnj2
stat6,fasn
stat6,elovl6
stat6,abcc5
stat6,myh11
stat6,ptprb
stat6,kcnj6
stat6,fgfr2
stat6,robo2
stat6,h1f0
stat6,nrg1
rreb1,ryr2
rreb1,reln
elk4,igf2
elk4,gstt1
elk4,eno2
elk4,serpinb6b
elk4,etv4
elk4,timp3
elk4,retreg1
elk4,srebf2
elk4,clic6
elk4,nr4a1
elk4,xdh
elk4,apom
elk4,tm7sf2
elk4,ankrd1
elk4,cpn1
elk4,scd2
elk4,itih5
elk4,col5a1
elk4,tnc
elk4,elf4
elk4,rora
elk4,foxa3
elk4,psd
elk4,mvk
elk4,dop1b
elk4,gramd1b
elk4,irf2bp1
elk4,col6a3
elk4,lrrfip1
elk4,nptx2
elk4,rrs1
elk4,gnas
elk4,atp1a3
elk4,mttp
elk4,nppb
elk4,jun
elk4,abhd18
elk4,tagln2
elk4,fgfr2
elk4,tnfrsf9
elk4,ulbp1
nr4a1,pdgfb
nr4a1,gstt1
nr4a1,nr2f6
nr4a1,amph
nr4a1,eno2
nr4a1,apoa2
nr4a1,cdc20
nr4a1,acly
nr4a1,blk
nr4a1,stc1
nr4a1,lpl
nr4a1,celsr1
nr4a1,serpinb6b
nr4a1,rsad2
nr4a1,hnf1b
nr4a1,ppp4r4
nr4a1,ryr2
nr4a1,srebf2
nr4a1,psca
nr4a1,robo1
nr4a1,nr4a1
nr4a1,vegfa
nr4a1,xdh
nr4a1,fads2
nr4a1,lipo3
nr4a1,ankrd1
nr4a1,cpn1
nr4a1,sat1
nr4a1,lhx3
nr4a1,tfpi
nr4a1,mdk
nr4a1,fabp4
nr4a1,crct1
nr4a1,mttp
nr4a1,abca1
nr4a1,tnc
nr4a1,ppp2r2c
nr4a1,spp1
nr4a1,pf4
nr4a1,gfpt1
nr4a1,aldh1l1
nr4a1,sytl4
nr4a1,bgn
nr4a1,acta1
nr4a1,apoa1
nr4a1,rora
nr4a1,elovl5
nr4a1,hspb8
nr4a1,apob
nr4a1,mycbpap
nr4a1,maob
nr4a1,ttyh3
nr4a1,gramd1b
nr4a1,gata6
nr4a1,tmem71
nr4a1,fasn
nr4a1,col6a3
nr4a1,actn2
nr4a1,map1b
nr4a1,lrrfip1
nr4a1,b4galt6
nr4a1,abcc5
nr4a1,gnas
nr4a1,col3a1
nr4a1,lgals1
nr4a1,cubn
nr4a1,stat6
nr4a1,myh7b
nr4a1,kcnj6
nr4a1,synpo
nr4a1,bhmt
nr4a1,fsd1l
nr4a1,abhd18
nr4a1,tagln2
nr4a1,fgfr2
nr4a1,robo2
nr4a1,emcn
nr4a1,tnfrsf9
nr4a1,hipk2
nr4a1,spats2l
nr4a1,atf3
nr4a1,nrg1
nr4a1,ptprb
jun,lpl
jun,stac2
jun,timp3
jun,ppp4r4
jun,ryr2
jun,fbxo32
jun,robo1
jun,noct
jun,tnfrsf12a
jun,xdh
jun,lims2
jun,fads2
jun,cpn1
jun,scd2
jun,fam20c
jun,il1r2
jun,2810459m11rik
jun,col5a1
jun,nacc2
jun,fabp4
jun,tm4sf1
jun,abca1
jun,tnfrsf9
jun,fosl2
jun,pf4
jun,aoc1
jun,wdr54
jun,plk1
jun,elf4
jun,bgn
jun,rora
jun,elovl5
jun,ephb1
jun,apob
jun,isg20
jun,rims2
jun,dop1b
jun,gramd1b
jun,atcay
jun,h1f10
jun,frat2
jun,reln
jun,map1b
jun,lrrfip1
jun,astn2
jun,usp13
jun,abcc5
jun,gnas
jun,aldh1a1
jun,col3a1
jun,mbnl2
jun,lgals1
jun,myh11
jun,cubn
jun,nr2f1
jun,kcnj6
jun,nlrc3
jun,vwf
jun,nppb
jun,tenm4
jun,tagln2
jun,tmsb4x
jun,fgfr2
jun,clic6
jun,spats2l
jun,bin2
jun,nrg1
jun,zfp983
nfic,igf2
nfic,pdgfb
nfic,sfrp4
nfic,eno2
nfic,nmrk2
nfic,tuft1
nfic,snai3
nfic,hcn1
nfic,acly
nfic,epn3
nfic,blk
nfic,lpl
nfic,celsr1
nfic,aoc3
nfic,vtn
nfic,stac2
nfic,wsb1
nfic,etv4
nfic,prl8a2
nfic,pip4k2b
nfic,tbx3
nfic,sfrp5
nfic,sec14l4
nfic,timp3
nfic,hnf1b
nfic,ryr2
nfic,edn1
nfic,serpinb9c
nfic,retreg1
nfic,fbxo32
nfic,srebf2
nfic,psca
nfic,robo1
nfic,clic6
nfic,nr4a1
nfic,noct
nfic,tnfrsf12a
nfic,vegfa
nfic,xdh
nfic,fads2
nfic,ankrd1
nfic,gal
nfic,scd2
nfic,sat1
nfic,fam20c
nfic,2810459m11rik
nfic,nr5a2
nfic,lamc1
nfic,atf3
nfic,col5a1
nfic,nacc2
nfic,tfpi
nfic,creb3l1
nfic,mdk
nfic,crct1
nfic,mttp
nfic,ccn1
nfic,abca1
nfic,tnfrsf9
nfic,ppp2r2c
nfic,fosl2
nfic,spp1
nfic,pf4
nfic,hnf1a
nfic,aoc1
nfic,gfpt1
nfic,lmcd1
nfic,coro1a
nfic,sytl4
nfic,nsdhl
nfic,sfrp1
nfic,nkd1
nfic,nectin1
nfic,fdx1
nfic,apoa1
nfic,ldlr
nfic,rora
nfic,elovl5
nfic,ephb1
nfic,nfkbiz
nfic,apob
nfic,isg20
nfic,erv3
nfic,mvb12b
nfic,ttyh3
nfic,rims2
nfic,kcnj2
nfic,fam222a
nfic,mvk
nfic,dop1b
nfic,gramd1b
nfic,fkbp14
nfic,pde9a
nfic,atcay
nfic,gata6
nfic,dhcr24
nfic,pfkfb2
nfic,adam33
nfic,zbtb12
nfic,axin2
nfic,shisa2
nfic,hic1
nfic,fasn
nfic,setd1b
nfic,flrt3
nfic,ccdc63
nfic,ephb2
nfic,pdp2
nfic,zfp280b
nfic,itga1
nfic,actg1
nfic,pcgf5
nfic,lacc1
nfic,actn2
nfic,map1b
nfic,arhgap20
nfic,galnt10
nfic,sox4
nfic,lrrfip1
nfic,astn2
nfic,slitrk4
nfic,b4galt6
nfic,elovl6
nfic,usp13
nfic,nrg1
nfic,stmn4
nfic,ado
nfic,mab21l2
nfic,abcc5
nfic,kctd9
nfic,kcnd3
nfic,gnas
nfic,atp1a3
nfic,prkag3
nfic,frat1
nfic,col3a1
nfic,mbnl2
nfic,myh11
nfic,nr2f1
nfic,stat6
nfic,ptprb
nfic,medag
nfic,ctcfl
nfic,map1a
nfic,synpo
nfic,bhmt
nfic,tdrd7
nfic,plcd3
nfic,jun
nfic,tenm4
nfic,tagln2
nfic,tmsb4x
nfic,vwf
nfic,adamts9
nfic,h2-q6
nfic,fgfr2
nfic,robo2
nfic,aldh1l1
nfic,hnf4a
nfic,hipk2
nfic,ulbp1
nfic,h1f0
nfic,bin2
nfic,zfp983
gata6,apoe
gata6,acly
gata6,ccn2
gata6,ryr2
gata6,srebf2
gata6,noct
gata6,xdh
gata6,lamc1
gata6,atf3
gata6,gfpt1
gata6,aldh1l1
gata6,fdx1
gata6,rora
gata6,psd
gata6,gramd1b
gata6,dhcr24
gata6,axin2
gata6,zfp280b
gata6,crebrf
gata6,mllt11
gata6,lrrfip1
gata6,prr9
gata6,abcc5
gata6,nell1
gata6,col3a1
gata6,ptprb
gata6,bhmt
gata6,tdrd7
gata6,tenm4
gata6,fgfr2
gata6,hipk2
gata6,zbtb12
hic1,igf2
hic1,apoe
hic1,gstm1
hic1,eno2
hic1,nmrk2
hic1,fgfr4
hic1,cadm3
hic1,snai3
hic1,hcn1
hic1,krt19
hic1,epn3
hic1,blk
hic1,lpl
hic1,celsr1
hic1,vtn
hic1,stac2
hic1,hnf4a
hic1,prl8a2
hic1,lratd1
hic1,rsad2
hic1,ryr2
hic1,retreg1
hic1,srebf2
hic1,psca
hic1,nr4a1
hic1,tnfrsf12a
hic1,vegfa
hic1,lims2
hic1,fads2
hic1,hhex
hic1,cpn1
hic1,sat1
hic1,itih5
hic1,fam20c
hic1,il1r1
hic1,il1r2
hic1,atf3
hic1,nacc2
hic1,tfpi
hic1,mdk
hic1,car3
hic1,mttp
hic1,abca1
hic1,tnc
hic1,hnf1a
hic1,aoc1
hic1,aldh1l1
hic1,sspn
hic1,nr2f2
hic1,maz
hic1,coro1a
hic1,elf4
hic1,bgn
hic1,sfrp1
hic1,nkd1
hic1,acta1
hic1,nectin1
hic1,apoa1
hic1,rora
hic1,ephb1
hic1,nfkbiz
hic1,ciart
hic1,apob
hic1,dusp8
hic1,mycbpap
hic1,erv3
hic1,psd
hic1,rims2
hic1,dop1b
hic1,gramd1b
hic1,atcay
hic1,gata6
hic1,dhcr24
hic1,pcsk9
hic1,pfkfb2
hic1,adgrg3
hic1,fasn
hic1,setd1b
hic1,col6a3
hic1,prr12
hic1,ccdc63
hic1,ephb2
hic1,s100a1
hic1,zfp280b
hic1,actg1
hic1,lacc1
hic1,map1b
hic1,arhgap20
hic1,galnt10
hic1,sox4
hic1,lrrfip1
hic1,slit3
hic1,b4galt6
hic1,elovl6
hic1,dhcr7
hic1,ado
hic1,rnf207
hic1,abcc5
hic1,kctd9
hic1,rxfp1
hic1,kcnd3
hic1,paqr9
hic1,gnas
hic1,atp1a3
hic1,prkag3
hic1,col3a1
hic1,mbnl2
hic1,myh11
hic1,nr2f1
hic1,stat6
hic1,lyz2
hic1,ptprb
hic1,myh7b
hic1,gipr
hic1,kcnj6
hic1,synpo
hic1,vwf
hic1,tdrd7
hic1,plcd3
hic1,fyb2
hic1,jun
hic1,tenm4
hic1,cacna1s
hic1,hipk2
hic1,fgfr2
hic1,tnfrsf9
hic1,bin2
sox4,igf2
sox4,apoe
sox4,nmrk2
sox4,cadm3
sox4,cbfa2t3
sox4,hcn1
sox4,acly
sox4,epn3
sox4,gadd45b
sox4,lpl
sox4,celsr1
sox4,serpinb6b
sox4,vtn
sox4,stac2
sox4,wsb1
sox4,etv4
sox4,tbx3
sox4,ccn2
sox4,timp3
sox4,lratd1
sox4,rsad2
sox4,hnf1b
sox4,ppp4r4
sox4,ryr2
sox4,rgcc
sox4,retreg1
sox4,sqle
sox4,fbxo32
sox4,srebf2
sox4,robo1
sox4,clic6
sox4,noct
sox4,hbb-bs
sox4,tnfrsf12a
sox4,vegfa
sox4,apom
sox4,lims2
sox4,fads2
sox4,tm7sf2
sox4,ankrd1
sox4,scd2
sox4,sat1
sox4,fam20c
sox4,il1r1
sox4,il1r2
sox4,nr5a2
sox4,lamc1
sox4,atf3
sox4,col5a1
sox4,nacc2
sox4,tfpi
sox4,mdk
sox4,fabp4
sox4,car3
sox4,tm4sf1
sox4,mttp
sox4,ccn1
sox4,abca1
sox4,tnc
sox4,fosl2
sox4,spp1
sox4,pf4
sox4,hnf1a
sox4,aoc1
sox4,aldh1l1
sox4,lmcd1
sox4,sspn
sox4,ano1
sox4,sytl4
sox4,nsdhl
sox4,bgn
sox4,sfrp1
sox4,acta1
sox4,nectin1
sox4,fdx1
sox4,rora
sox4,hcn4
sox4,elovl5
sox4,ephb1
sox4,lama1
sox4,ttl
sox4,nfkbiz
sox4,apob
sox4,isg20
sox4,dusp8
sox4,mycbpap
sox4,erv3
sox4,smad6
sox4,psd
sox4,mvb12b
sox4,ttyh3
sox4,rims2
sox4,kcnj2
sox4,dop1b
sox4,gramd1b
sox4,pde9a
sox4,atcay
sox4,gata6
sox4,rbfox2
sox4,tmem71
sox4,hoxb4
sox4,adgrg3
sox4,rasl11b
sox4,adam33
sox4,tecrl
sox4,fdft1
sox4,fasn
sox4,car7
sox4,setd1b
sox4,npas4
sox4,col6a3
sox4,prr12
sox4,adnp
sox4,insig1
sox4,frat2
sox4,ephb2
sox4,pdp2
sox4,gulo
sox4,itga1
sox4,actg1
sox4,pcgf5
sox4,crebrf
sox4,lacc1
sox4,actn2
sox4,map1b
sox4,mllt11
sox4,eml5
sox4,lrrfip1
sox4,astn2
sox4,slit3
sox4,b4galt6
sox4,elovl6
sox4,nptx2
sox4,rrs1
sox4,usp13
sox4,dhcr7
sox4,nrg1
sox4,stmn4
sox4,rnf207
sox4,mab21l2
sox4,abcc5
sox4,kctd9
sox4,kcnd3
sox4,paqr9
sox4,gnas
sox4,atp1a3
sox4,prkag3
sox4,nell1
sox4,frat1
sox4,aldh1a1
sox4,col3a1
sox4,mbnl2
sox4,lgals1
sox4,myh11
sox4,cubn
sox4,nr2f1
sox4,ptprb
sox4,ctcfl
sox4,map1a
sox4,kcnj6
sox4,nlrc3
sox4,maff
sox4,vwf
sox4,tdrd7
sox4,tenm4
sox4,tagln2
sox4,tmsb4x
sox4,fzd7
sox4,fgfr2
sox4,robo2
sox4,akr1c19
sox4,tnfrsf9
sox4,synpo
sox4,prrt4
sox4,hipk2
sox4,spats2l
sox4,onecut2
sox4,hmgcs1
sox4,h1f0
sox4,bin2
sox4,nr4a1
nrf1,clic6
nrf1,apom
nrf1,gfpt1
nrf1,sfrp1
nrf1,ephb1
nrf1,psd
nrf1,fkbp14
nrf1,rbfox2
nrf1,zbtb12
nrf1,irf2bp1
nrf1,itga1
nrf1,ado
nrf1,paqr9
nrf1,cubn
nrf1,tdrd7
nrf1,abhd18
nrf1,fgfr2
tcf7l2,igf2
tcf7l2,gstt1
tcf7l2,amph
tcf7l2,ier3
tcf7l2,prl8a2
tcf7l2,ppp4r4
tcf7l2,robo1
tcf7l2,clic6
tcf7l2,fads2
tcf7l2,nr5a2
tcf7l2,car3
tcf7l2,abca1
tcf7l2,spp1
tcf7l2,wdr54
tcf7l2,maz
tcf7l2,nsdhl
tcf7l2,acta1
tcf7l2,rora
tcf7l2,elovl5
tcf7l2,apob
tcf7l2,rims2
tcf7l2,dop1b
tcf7l2,axin2
tcf7l2,col6a3
tcf7l2,adnp
tcf7l2,ephb2
tcf7l2,map1b
tcf7l2,slit3
tcf7l2,b4galt6
tcf7l2,nell1
tcf7l2,mbnl2
tcf7l2,myh11
tcf7l2,tenm4
tcf7l2,fgfr2
tcf7l2,spats2l
tcf7l2,nrg1
esrra,eno2
esrra,epn3
esrra,stc1
esrra,stac2
esrra,rsad2
esrra,ryr2
esrra,retreg1
esrra,noct
esrra,lims2
esrra,ankrd1
esrra,fam20c
esrra,mttp
esrra,abca1
esrra,tnc
esrra,tnfrsf9
esrra,spp1
esrra,hnf1a
esrra,coro1a
esrra,ano1
esrra,elovl5
esrra,mycbpap
esrra,smad6
esrra,hoxb4
esrra,onecut3
esrra,adam33
esrra,hic1
esrra,zfp280b
esrra,actg1
esrra,map1b
esrra,galnt10
esrra,dhcr7
esrra,ado
esrra,mbnl2
esrra,myh11
esrra,myh7b
esrra,bhmt
esrra,jun
esrra,fgfr2
esrra,synpo
esrra,hnf4a
esrra,atf3
esrra,nrg1
nr2f6,atf3
nr2f6,setd1b
nr2f6,map1a
nr2f6,tdrd7
pknox2,rora
pknox2,fgfr2
hmbox1,igf2
hmbox1,apoe
hmbox1,amph
hmbox1,hcn1
hmbox1,acly
hmbox1,lpl
hmbox1,celsr1
hmbox1,hkdc1
hmbox1,rsad2
hmbox1,ryr2
hmbox1,retreg1
hmbox1,srebf2
hmbox1,noct
hmbox1,tnfrsf12a
hmbox1,abca1
hmbox1,spp1
hmbox1,sytl4
hmbox1,sfrp1
hmbox1,nkd1
hmbox1,rora
hmbox1,elovl5
hmbox1,ephb1
hmbox1,mvb12b
hmbox1,rims2
hmbox1,dop1b
hmbox1,gramd1b
hmbox1,rbfox2
hmbox1,adgrg3
hmbox1,irf2bp1
hmbox1,fdft1
hmbox1,lrrc3
hmbox1,actn2
hmbox1,lrrfip1
hmbox1,cyp26b1
hmbox1,abcc5
hmbox1,paqr9
hmbox1,gnas
hmbox1,col3a1
hmbox1,mbnl2
hmbox1,myh11
hmbox1,cubn
hmbox1,kcnj6
hmbox1,nlrc3
hmbox1,synpo
hmbox1,fyb2
hmbox1,tenm4
hmbox1,fgfr2
hmbox1,tnfrsf9
hmbox1,h1f0
hmbox1,atf3
hmbox1,nrg1
pbx3,gramd1b
pbx3,ephb2
nr6a1,stac2
nr6a1,fam20c
nr6a1,tnc
nr6a1,adam33
smad5,robo1
smad5,nr2f2
smad5,rora
smad5,smad6
smad5,setd1b
smad5,lrrfip1
smad5,abcc5
